inchi,V25,V43,V53,V54,V57,V62,V65,V72,V74,V75,V77,V78,V79,V80,V82,V83,V84,V85,V86,V88,V89,V90,V91,V92,V93,V95,V96,V97,V98,V99,V100,V102,V104,V105,V106,V108,V109,V110,V111,V112,V113,V114,V115,V116,V117,V118,V119,V120,V121,V122,V123,V124,V126,V127,V128,V129,V130,V131,V132,V133,V135,V136,V137,V138,V139,V140,V141,V142,V143,V144,V145,V146,V147,V148,V149,V150,V151,V152,V153,V154,V155,V156,V157,V158,V159,V160,V161,V162,V163,V164,V165,-2064996522,-2064996108,-2064985548,-1873263708,-1873263707,-1842743565,-1779215532,-1779215129,-1549671804,-1240549133,-606609633,-428753699,-428753296,-186367171,-176219011,67,78,79,65849,66252,76823,77381,63669634,63670037,63680608,73828365,73828768,73828779,74365006,284944422,1057364875,1057365278,1067523606,1067524009,1445324489,-1549671401,-618999310,1119437216,1445324490,2037342038,2037342441,-1779602815,-1663199971,-1550059087,-1550059076,-1488532252,-1422776414,-1273370073,-1091982100,-429140982,76420,77877,63282351,63292922,63293883,73441082,74364603,74841259,74841270,284557139,493236648,694957360,695880881,746881138,971646374,972569895,1056977592,83,81225,63297727,78058687,699574965,-1488532264,779886418,1744263644,1857404528,2134093542,-1550058684,76916,74365110,747258253,855644566,1935676255,-2014938020,-2014550334,-1873263706,-1740642266,-1740641863,-801319945,-87621824,483077917,571657745,674814738,684798629,746870567,961487643,1047381387,2143185518,1445324491,-1091992175,66345,63759007,685275285,-2064996119,-1779591283,-1091992671,-1091981139,-606609230,-606598659,-429129450,74841271,284568671,1056989124,1119436825,1445324492,-2130472164,-1979485781,-1432935145,38008333,73917749,308419095,384678049,63769578,-2014937617,-1873263705,675202424,746870578,-1432924574,-1091992660,-1432547459,-1091992268,-618999713,-186377742,1119436813,2006395782,-2140699526,-1240549132,-790237693,-76539572,-1853445985,-1550059075,494160169,746882099,73441093,1857415099,-293967537,-1488531756,1643987864,-1432935133,391570462,483088488,-2065383805,-1843130848,-1722217514,-1129432727,-606996916,-558944391,-176219414,791517442,1174242419,-1848232061,-1848231553,-392719481,381411731,1142865045,1419554059,1633829133,1633829145,1633829641,-607336557,-481299309,357040669,-619386996,-1848232049,381411743,392493983,483077929,483089449,746870579,1445324493,1445324494,1445324495,1445324496,1445324497,381411742,381422302,483077928,1200117906,1315652050,1554017630,-2027315171,-1730483535,-842332121,-618999701,1285366437,-186765428,1163696405,-255394662,-2130461593,-2004779289,-1847844375,-1740631695,1325810781,1633829536,1857404539,-255394674,-1740642255,-1983007249,-1269309128,-2018322645,1717157409,1999955637,2106987307,-1848232050,1633829144,1295514597,-1838073330,-1432935134,1633839704,-1848221490,-2014938009,-675626162,-1488532253,-255384103,1554017641,-1873263704,-201774909,907051597,1047391958,1847420637,-2014927449,674825309,674814749,684973469,-2014922644,920840418,1885217644,2106987318,-1847844364,907051586,1620749707,1855386247,-675626151,-1848216685,1885207581,674830114,1885207084,-2014539763,-558944380,-1350038551,-782041566,-782041058,-255394271,1847420648,-255394663,-255394166,-792189726,-201785469,-1847833804,-1722217503,1633829547,-964879417,-801752141,-636984940,-507103631,229166175,369386629,423552486,598483088,1163511423,1323701668,1413433893,-1416132094,-1978583541,-1771811752,-1027418143,-289109509,-160203532,790592664,1477987342,1776828876,-1006701866,215647122,1627608083,-1685505461,-1469934531,2147204365,-131080542,258833948,1892960349,-1951192287,-513573682,140710659,-868007456,-1317393583,-11147740,519008602,-1798268938,134489603,2130908821,1330536927,-281691030,-1067767267,-806714497,-614966677,-554489181,722031324,1284619186,1885681029,1172880295,957663557,-626473936,1024300589,1583419672,1805809628,-1812822688,-798682561,1680197806,1275263229,1498326252,1187172105,-999136859,-403312500,-1367077812,-1839792723,-1814480656,626767077,1587446822,251809297,1904696679,-669040371,228771567,401570022,-145809275,1580202494,-1845902718,-1072480744,-414937772,275330665,1136072639,2145614241,-1198579342,944233599,1765138320,1931971844,-1028866103,-307429614,708470183,1070776755,-2113420786,1972652850,-1536459552,-1993148702,-1013020258,362314941,1291862412,1374579209,1455118100,-246975031,-2117839097,-2099248467,-1930114126,-1896120561,-1857532449,-1639186262,-1582249340,-1472143348,-1222269705,-1219630758,-1012954482,-926137767,-886022912,-878598355,-771486890,-509642793,-436608523,-408269204,-401220928,-365441993,-360288389,-146999425,-9047353,444287804,565777468,598300554,604760370,950336712,962328941,1259653276,1264008564,1270819809,1602787468,1612184468,1653230686,1704966178,1710677920,1981361624,-2133482113,-2106279496,-2096444159,-1986763061,-1986115306,-1487217298,-1483560215,-1478965380,-1334335963,-1160580727,-1059145289,-1035138674,-935821096,-779040267,-686490886,-617243047,-553083174,-445062444,-221617712,-174551952,145148881,553514145,630877016,906387740,919832115,1133030046,1384390004,1468047908,1480565088,1505272116,1571117995,1657663283,1746070443,1765549817,-1096165177,-776325995,353165809,1904391880,959471696,-1303528692,-1228567258,-692810209,-105740521,496710269,772786829,1210796079,1801996986,-1844064173,-1133322732,-458562947,-69248232,13326480,420023360,670594567,1301034813,-187407885,1908122694,-1597387950,774364001,1928350086,563321978,-1556008205,347064059,476950395,746630409,-605026050,-2108750784,-1273703940,308846696,-138351347,364978951,-1997955083,-1997944512,-1997627382,-1969325932,-1807065362,-1796906631,-919561681,67,78,79,2144,2485,2516,66531,66872,77102,77113,78063,78074,2062528,2073099,2390229,2390240,2390570,2420020,2420031,2420361,63938435,63949006,64266136,74097166,74097507,74107737,75020687,75031258,1315296035,1325454766,1630216696,1982091552,1982419253,1992250283,-919561670,-1969315361,-1969314400,-1968998231,-1968998219,-919233980,-919204189,-909402950,66903,2074060,2420032,63949967,64295927,75021028,75021059,1982449044,83,2640,67027,81907,2077904,2539184,64415091,78714771,1996867888,1315623736,64266477,1630544397,1992260854,-1997955072,-1997954742,-1969325921,-1807065021,-1807054791,74097177,75020698,-1969325920,-1969325591,-1969325560,-919561309,-919550149,78075,2420392,75020699,1315653527,1326378287,1658845847,1993173804,-1968998220,-1968968440,-909402938,-908479429,75032219,-1796906620,-909402939,-1807065351,-919551110,1630217037,-919561669,-1806737661,-1968968428,-919233969,-909402609,1630227267,1992250624,-1854808987,78714782,-1854809317,-1807064866,-1664513912,-919561340,-908479417,-1997954587,-1664503682,-1664503670,1773362792,-1854809316,-919561185,-1806737650
"InChI=1S/C66H75Cl2N9O24/c1-23(2)12-34(71-5)58(88)76-49-51(83)26-7-10-38(32(67)14-26)97-40-16-28-17-41(55(40)101-65-56(54(86)53(85)42(22-78)99-65)100-44-21-66(4,70)57(87)24(3)96-44)98-39-11-8-27(15-33(39)68)52(84)50-63(93)75-48(64(94)95)31-18-29(79)19-37(81)45(31)30-13-25(6-9-36(30)80)46(60(90)77-50)74-61(91)47(28)73-59(89)35(20-43(69)82)72-62(49)92/h6-11,13-19,23-24,34-35,42,44,46-54,56-57,65,71,78-81,83-87H,12,20-22,70H2,1-5H3,(H2,69,82)(H,72,92)(H,73,89)(H,74,91)(H,75,93)(H,76,88)(H,77,90)(H,94,95)/t24-,34+,35-,42+,44-,46+,47+,48?,49+,50-,51+,52+,53+,54-,56+,57+,65-,66-/m0/s1",0,0,5,11,4,0,0,9,1,0,0,0,6,1,1,0,2,0,0,0,9,4,1,7,1,11,0,6,2,0,0,0,4,14,0,2,1,7,4,1,16,0,3,1,7,0,0,9,5,0,3,0,2,34,0,0,0,19,4,4,0,8,9,1,10,24,5,9,34,7,7,24,0,0,5,10,9,16,1,8,3,17,22,16,24,5,9,30,7,24,62,0,0,0,1,1,0,14,30,2,1,0,14,30,0,0,66,9,24,32,30,0,22,14,30,0,0,0,0,16,14,14,30,0,0,1,16,16,16,1,10,16,10,9,18,4,3,12,7,6,10,16,8,24,7,6,24,22,8,7,10,3,20,10,3,12,6,10,0,0,0,0,0,3,3,15,13,10,4,0,0,4,4,4,2,8,1,8,8,4,4,8,2,0,14,14,7,8,4,1,0,0,0,0,0,10,8,0,0,0,10,1,10,10,2,1,6,0,5,0,0,0,0,0,4,1,4,5,7,7,0,0,4,0,4,0,2,1,2,2,7,7,8,8,0,0,0,6,6,2,4,2,0,0,0,0,0,0,0,0,0,0,0,0,5,0,0,2,0,1,10,3,10,8,0,3,4,6,4,5,1,1,1,1,1,0,0,0,8,2,3,0,0,0,2,4,0,0,0,6,17,4,12,17,4,6,0,1,8,8,0,0,0,0,0,2,12,1,1,1,1,1,6,5,5,3,1,0,0,0,8,1,1,0,1,0,0,0,0,0,0,0,1,6,0,0,0,0,0,0,0,0,0,4,5,1,1,0,0,0,0,0,13,5,0,10,0,22,0,0,3,0,6,7,0,16,0,8,5,3,1,4,3,0,3,0,0,0,0,0,1,2,2,0,2,0,0,2,0,2,5,0,0,0,0,0,1,0,0,0,5,1,1,0,0,0,2,0,0,0,0,0,0,0,0,0,0,0,1,0,0,0,0,0,0,0,0,0,1,0,0,0,0,0,0,0,0,0,0,0,1,0,0,0,0,0,0,0,0,0,0,0,0,0,0,0,0,0,0,0,0,0,0,0,0,0,0,0,0,0,0,0,0,0,0,0,0,0,0,0,0,0,0,1,0,0,0,0,0,0,0,0,0,0,0,0,0,0,1,0,0,0,0,0,0,0,0,0,0,0,0,0,0,0,0,0,0,0,0,0,0,0,0,0,0,0,0,0,0,0,0,0,0,0,0,0,0,0,0,0,0,0,0,0,0,0,0,0,0,0,0,0,0,0,0,0,0,0,0,23,17,0,63,23,0,64,66,9,24,62,16,30,68,7,24,0,46,7,73,20,19,6,0,48,11,6,77,12,16,23,12,0,55,12,54,27,23,79,21,21,7,9,16,9,9,9,15,11,6,20,9,16,17,10,12,29,0,0,0,0,0,0,0,0,0,9,0,0,0,1,1,6,1,1,1,6,8,3,6,6,10,3,4,9,11,34,21,22,5,5,1,6,8,0,1,0,5,0,15,14,8,9,5,17,6,0,0,0,0,0,5,2,0,0,0,0,0,0,5
"InChI=1S/C46H65N15O12S2/c47-27-22-74-75-23-33(45(73)61-17-5-9-34(61)44(72)56-28(8-4-16-53-46(51)52)39(67)54-21-37(50)65)60-43(71)32(20-36(49)64)59-40(68)29(14-15-35(48)63)55-41(69)31(18-24-6-2-1-3-7-24)58-42(70)30(57-38(27)66)19-25-10-12-26(62)13-11-25/h1-3,6-7,10-13,27-34,62H,4-5,8-9,14-23,47H2,(H2,48,63)(H2,49,64)(H2,50,65)(H,54,67)(H,55,69)(H,56,72)(H,57,66)(H,58,70)(H,59,68)(H,60,71)(H4,51,52,53)/t27-,28-,29-,30?,31-,32?,33-,34-/m0/s1",1,1,1,7,0,0,0,0,0,2,3,1,9,1,1,1,6,1,0,2,0,12,9,11,0,9,1,1,0,0,3,0,10,0,1,0,0,11,13,0,2,0,0,0,11,5,1,8,6,1,0,1,0,12,2,1,1,14,3,2,0,11,8,5,1,12,0,15,12,0,2,12,5,1,0,6,13,1,5,11,9,20,1,24,12,0,15,12,2,12,37,0,0,0,1,1,0,4,12,0,1,0,4,12,0,0,46,15,12,26,12,0,1,4,12,0,0,0,0,2,4,4,12,0,0,1,2,2,2,1,2,2,4,0,0,0,0,16,0,9,4,24,11,17,10,0,30,0,11,11,4,0,28,0,0,18,0,4,2,2,0,2,0,7,7,24,18,18,0,1,0,0,0,0,6,4,1,13,4,4,4,0,0,0,9,0,3,4,4,1,0,0,0,0,0,0,10,0,0,0,0,0,0,0,0,1,10,0,8,0,2,0,0,1,4,1,4,0,9,9,0,0,0,0,0,0,0,0,0,0,0,0,0,0,1,0,0,8,9,0,0,0,0,0,0,0,0,0,0,0,0,0,1,0,0,0,0,4,0,1,0,0,0,2,0,0,0,0,0,0,1,1,1,1,1,0,0,0,15,4,0,0,0,0,0,4,0,0,0,9,25,4,18,25,4,9,4,1,4,4,0,0,2,0,4,3,4,1,1,1,2,3,9,8,8,0,0,0,0,0,16,1,3,3,1,0,0,3,2,0,0,0,1,8,0,0,0,0,0,0,0,5,0,4,8,1,1,0,0,0,0,0,9,0,0,1,2,8,3,1,1,1,6,0,1,7,0,11,5,9,5,0,6,0,7,2,1,2,0,0,0,0,1,1,6,0,0,0,0,2,5,0,0,0,0,1,1,1,2,0,0,0,0,0,2,0,0,0,1,0,1,1,0,0,0,0,0,0,0,1,0,1,0,1,0,0,0,0,5,0,0,0,1,1,0,0,1,0,0,0,0,0,0,1,1,0,1,0,0,0,0,0,0,0,0,0,0,0,0,1,0,0,1,0,0,0,0,0,0,0,0,0,0,0,0,0,0,0,0,0,0,0,0,1,0,0,0,0,0,0,0,0,0,0,0,0,0,0,3,0,0,0,0,0,0,0,0,0,0,0,0,0,0,0,0,0,0,0,1,0,0,0,0,0,0,0,0,0,0,0,0,0,0,0,0,0,0,0,0,0,0,0,0,0,0,0,0,0,0,0,0,0,0,0,0,0,0,0,0,14,25,2,12,8,2,8,46,15,12,38,25,12,33,11,30,3,13,11,29,29,18,9,2,12,9,9,27,18,19,17,18,2,10,16,12,19,13,24,24,15,4,9,0,7,8,9,0,8,0,0,0,0,0,9,0,0,2,2,0,2,0,2,0,0,0,7,0,0,0,3,1,3,4,1,1,1,1,1,0,0,0,0,0,0,0,0,0,0,8,0,1,0,0,0,1,3,1,0,1,16,0,8,8,25,9,3,2,0,0,0,2,0,0,5,0,0,0,0,8
"InChI=1S/C39H54N10O14S/c1-4-16(2)31-36(60)42-11-29(55)43-25-15-64(63)38-21(20-6-5-18(51)7-22(20)46-38)9-23(33(57)41-12-30(56)47-31)44-37(61)32(17(3)27(53)14-50)48-35(59)26-8-19(52)13-49(26)39(62)24(10-28(40)54)45-34(25)58/h5-7,16-17,19,23-27,31-32,46,50-53H,4,8-15H2,1-3H3,(H2,40,54)(H,41,57)(H,42,60)(H,43,55)(H,44,61)(H,45,58)(H,47,56)(H,48,59)/t16?,17-,19+,23-,24-,25-,26-,27-,31-,32-,64?/m0/s1",0,0,3,7,0,0,2,1,0,0,0,0,8,1,3,2,1,1,0,1,0,6,7,9,0,10,2,5,0,0,3,1,9,8,0,0,1,9,7,0,2,1,1,1,9,0,0,10,9,1,0,1,0,22,4,0,1,13,7,0,0,10,10,5,4,14,3,10,22,1,1,14,0,2,3,3,9,3,5,9,3,17,4,18,14,3,10,9,1,14,39,1,0,0,1,1,0,2,10,0,1,1,2,10,0,0,39,10,14,24,8,2,4,2,9,1,0,3,0,2,2,2,10,0,3,1,2,4,2,1,0,4,2,0,4,1,1,15,0,9,2,18,9,18,10,0,24,5,9,9,2,3,27,0,2,17,0,2,1,2,1,1,1,8,6,20,15,17,0,0,0,0,0,0,4,2,1,12,2,2,2,1,0,0,12,4,3,2,2,1,0,0,0,0,4,0,7,0,4,0,0,0,0,0,0,1,12,0,8,0,0,0,0,0,2,1,2,2,9,8,0,0,2,5,0,0,0,1,0,0,0,1,0,0,0,0,0,8,9,0,2,3,0,0,0,0,0,0,0,0,0,0,0,0,0,0,0,3,2,1,0,0,0,0,1,0,0,0,0,0,1,1,1,1,1,1,3,3,16,4,1,0,0,0,0,2,1,1,2,10,24,2,18,27,2,8,4,1,2,2,1,0,1,0,1,2,2,1,1,1,2,1,7,8,9,2,1,1,1,1,15,1,2,1,1,1,1,1,1,1,1,1,0,8,0,0,0,0,0,0,0,2,0,2,8,1,1,0,1,0,0,0,3,3,0,4,0,13,0,0,1,0,2,1,1,7,1,10,8,3,6,0,1,0,1,0,0,0,0,0,0,2,3,0,1,0,0,0,0,0,8,0,0,0,0,0,1,0,1,1,1,1,0,0,0,0,0,1,0,1,0,0,0,0,0,0,0,0,0,0,0,0,0,0,0,0,0,0,1,0,0,0,0,0,0,0,0,0,0,0,0,0,0,0,0,0,0,0,0,0,0,0,0,0,0,0,0,0,0,0,0,0,0,0,0,0,0,0,0,0,0,0,0,0,0,0,0,0,0,0,0,0,0,0,0,0,0,0,0,0,0,0,0,0,0,0,0,0,1,0,0,0,0,0,0,0,0,0,0,0,0,0,0,0,0,0,0,0,0,0,0,0,0,0,0,0,0,0,0,0,0,0,0,0,0,0,0,0,0,0,0,0,0,0,0,0,0,0,0,0,0,0,0,0,0,0,0,0,0,14,24,0,10,9,0,8,39,10,14,32,20,13,29,11,27,0,16,9,26,30,20,8,0,13,9,9,19,19,22,21,18,0,14,15,10,23,13,16,25,19,4,12,0,8,9,8,0,6,0,0,1,0,0,11,0,0,1,2,1,2,2,3,3,3,3,9,0,0,0,2,1,5,4,1,1,4,3,5,0,0,0,0,0,0,0,0,0,0,8,0,3,0,0,0,1,3,4,0,1,15,0,10,9,27,10,1,1,2,2,1,5,0,1,2,0,1,0,0,8
"InChI=1S/C66H103N17O16S/c1-9-35(6)52(69)66-81-48(32-100-66)63(97)76-43(26-34(4)5)59(93)74-42(22-23-50(85)86)58(92)83-53(36(7)10-2)64(98)75-40-20-15-16-25-71-55(89)46(29-49(68)84)78-62(96)47(30-51(87)88)79-61(95)45(28-39-31-70-33-72-39)77-60(94)44(27-38-18-13-12-14-19-38)80-65(99)54(37(8)11-3)82-57(91)41(21-17-24-67)73-56(40)90/h12-14,18-19,31,33-37,40-48,52-54H,9-11,15-17,20-30,32,67,69H2,1-8H3,(H2,68,84)(H,70,72)(H,71,89)(H,73,90)(H,74,93)(H,75,98)(H,76,97)(H,77,94)(H,78,96)(H,79,95)(H,80,99)(H,82,91)(H,83,92)(H,85,86)(H,87,88)/t35-,36-,37-,40-,41+,42+,43-,44+,45-,46-,47+,48-,52-,53-,54-/m0/s1",0,0,3,10,0,0,4,0,1,0,1,1,13,2,2,2,3,0,0,1,0,18,10,12,0,11,2,3,0,0,2,0,14,0,0,0,0,12,13,0,0,3,5,0,12,6,1,11,10,0,2,0,0,14,1,1,0,17,5,2,0,14,11,3,2,16,8,17,14,0,1,16,6,0,8,7,15,0,3,14,13,26,2,26,16,8,17,11,1,16,41,1,1,2,1,1,1,2,6,0,1,1,2,6,2,2,66,17,16,47,7,4,2,3,6,2,1,2,1,0,2,2,6,1,2,1,0,0,0,1,0,0,2,0,2,0,0,21,0,11,2,26,14,39,11,0,38,2,14,12,2,0,32,0,0,21,0,3,1,2,1,2,2,13,13,34,28,24,0,1,0,0,0,0,10,2,1,23,3,2,2,1,1,2,26,2,9,2,3,1,0,0,0,0,0,0,14,0,0,1,0,2,0,0,0,1,20,0,15,0,0,0,0,1,3,1,2,1,10,11,0,0,0,0,0,0,0,0,0,0,0,0,0,0,0,0,0,10,10,0,1,1,1,1,1,1,1,1,1,1,1,1,1,0,0,0,0,8,1,2,0,0,0,0,1,0,0,0,0,0,1,1,1,1,1,1,2,2,31,9,0,0,0,0,0,3,1,1,1,10,31,2,21,29,3,11,8,1,3,2,2,2,2,2,2,4,3,2,2,2,3,2,10,10,10,0,0,1,1,1,23,1,2,2,1,1,1,1,1,1,1,1,1,10,0,0,0,0,1,1,1,2,0,3,10,1,2,0,1,1,1,1,7,8,2,2,2,10,3,1,0,1,2,0,0,8,3,14,7,13,5,0,7,0,7,2,1,1,0,0,2,5,8,1,3,0,0,0,0,4,8,2,0,0,0,0,0,0,0,0,0,0,1,0,0,0,0,0,0,3,2,1,0,1,1,0,0,0,1,1,0,0,1,1,0,0,0,0,1,0,0,0,0,0,1,1,0,1,0,1,1,0,0,3,0,0,0,0,0,0,0,0,0,0,0,0,0,0,0,1,0,0,0,0,0,0,0,0,0,0,0,0,0,0,0,0,0,0,0,0,0,0,0,3,0,0,0,0,0,0,0,0,0,0,0,0,0,0,1,0,0,0,0,0,0,0,0,0,0,0,0,0,0,0,0,0,0,0,0,0,0,0,0,0,0,0,0,0,0,0,0,0,0,0,0,0,0,0,0,0,0,0,0,0,0,0,0,0,0,0,0,0,0,0,0,0,0,0,0,17,34,2,12,6,2,3,66,17,16,54,31,16,48,14,42,1,16,12,37,38,31,13,2,16,11,11,22,23,27,30,25,3,17,21,6,38,16,13,36,27,4,11,0,13,10,11,0,11,0,0,0,0,0,11,0,0,1,2,1,2,2,2,2,2,2,13,1,1,1,4,3,7,6,2,2,3,3,3,0,0,0,2,0,0,0,0,0,0,10,0,3,0,0,1,2,3,3,1,2,24,0,11,10,32,11,1,1,0,0,0,6,0,1,2,0,1,0,0,11
"InChI=1S/C72H101N17O26/c1-5-6-7-8-9-10-11-22-53(93)81-44(25-38-31-76-42-20-15-13-17-39(38)42)66(108)84-45(27-52(75)92)67(109)86-48(30-59(102)103)68(110)89-61-37(4)115-72(114)49(26-51(91)40-18-12-14-19-41(40)74)87-71(113)60(35(2)24-56(96)97)88-69(111)50(34-90)82-55(95)32-77-63(105)46(28-57(98)99)83-62(104)36(3)79-65(107)47(29-58(100)101)85-64(106)43(21-16-23-73)80-54(94)33-78-70(61)112/h12-15,17-20,31,35-37,43-50,60-61,76,90H,5-11,16,21-30,32-34,73-74H2,1-4H3,(H2,75,92)(H,77,105)(H,78,112)(H,79,107)(H,80,94)(H,81,93)(H,82,95)(H,83,104)(H,84,108)(H,85,106)(H,86,109)(H,87,113)(H,88,111)(H,89,110)(H,96,97)(H,98,99)(H,100,101)(H,102,103)/t35-,36-,37-,43-,44+,45-,46+,47+,48+,49+,50-,60+,61+/m1/s1",0,0,5,13,1,0,2,0,0,0,0,0,12,1,4,1,3,0,0,0,2,12,8,14,0,16,1,11,0,0,3,0,17,2,0,1,1,14,13,0,0,1,2,1,14,9,0,11,10,0,5,0,0,20,8,5,0,22,13,4,2,20,11,4,5,26,4,17,20,1,2,26,9,0,4,10,17,2,4,20,19,27,7,29,26,4,17,15,2,26,46,1,0,0,1,1,0,4,16,0,1,1,4,16,0,0,72,17,26,46,14,2,7,4,15,1,0,3,0,0,4,4,16,0,3,1,0,0,0,1,0,0,4,3,7,3,3,24,2,13,4,29,20,33,13,1,39,8,21,14,4,3,37,3,3,24,2,4,0,0,0,0,0,10,9,30,23,21,0,0,0,0,0,0,4,2,1,15,2,4,4,2,5,1,21,6,9,2,4,1,0,0,0,0,4,0,18,1,4,0,0,5,0,0,0,1,13,0,18,0,0,0,0,0,4,1,4,5,13,13,2,2,0,5,0,2,0,1,0,0,0,0,0,0,0,0,2,13,13,2,6,5,0,0,0,0,0,0,0,0,0,1,1,4,0,0,0,5,4,5,2,1,1,0,1,0,0,0,0,0,1,1,1,1,1,1,4,4,21,3,2,0,0,0,0,4,1,1,3,12,34,2,24,34,2,12,3,1,2,2,0,0,0,0,2,6,2,5,5,5,5,2,11,12,12,3,0,1,1,1,19,1,2,1,1,0,0,0,0,1,1,1,1,12,0,0,0,0,0,0,0,0,0,2,11,1,5,0,1,0,0,0,9,4,0,5,4,15,4,0,0,0,4,0,0,9,1,20,10,19,2,1,10,0,10,0,0,0,0,0,4,1,4,0,3,0,0,0,0,4,10,4,0,0,1,0,0,0,0,0,0,1,0,0,0,1,0,0,0,0,0,7,0,0,1,0,0,0,0,1,0,0,0,0,2,3,0,0,1,0,0,0,0,0,1,0,0,0,0,1,0,0,0,3,0,0,0,0,0,0,0,0,0,0,0,0,0,0,0,0,0,0,0,0,0,0,0,0,0,0,0,0,0,0,0,0,0,0,1,0,0,0,0,3,0,0,0,0,0,0,0,0,0,0,0,0,0,0,1,0,0,0,0,0,0,0,0,0,0,0,0,0,0,0,0,0,1,0,0,0,0,0,0,0,0,0,0,0,0,0,0,0,0,0,0,0,0,0,0,0,0,0,0,0,0,0,0,0,0,0,0,0,0,0,0,0,0,0,0,19,34,0,11,15,0,9,72,17,26,60,31,27,52,14,44,0,29,14,45,40,31,12,0,27,16,13,37,26,26,27,24,0,26,24,22,28,14,35,35,20,4,16,0,10,16,13,0,5,1,3,0,2,2,16,0,3,0,0,0,0,0,0,0,0,0,12,0,0,0,3,1,10,4,1,1,11,9,10,1,1,1,5,1,2,1,2,1,1,12,1,8,0,2,0,1,4,11,0,2,19,0,15,12,34,12,0,0,0,0,0,9,1,0,0,0,0,0,0,11
"InChI=1S/C27H41NO6S/c1-15-9-8-10-27(7)22(34-27)12-20(16(2)11-19-14-35-18(4)28-19)33-23(30)13-21(29)26(5,6)25(32)17(3)24(15)31/h11,14-15,17,20-22,24,29,31H,8-10,12-13H2,1-7H3/b16-11+/t15-,17+,20-,21-,22-,24?,27+/m0/s1",0,0,0,0,2,0,2,0,1,0,0,0,0,0,0,1,0,0,0,1,5,1,1,0,0,0,1,0,0,1,0,0,1,2,0,4,0,0,0,2,0,0,2,6,0,2,0,4,1,0,1,0,0,8,3,1,0,2,6,0,0,2,4,0,2,6,7,1,8,0,0,6,2,0,7,7,0,8,0,2,0,2,6,0,6,7,1,5,0,6,22,0,0,0,1,1,0,0,0,0,1,0,0,0,0,0,27,1,6,23,1,2,6,1,0,1,2,1,0,0,0,0,0,2,1,1,0,0,0,1,0,0,0,7,16,0,0,0,5,0,0,0,2,26,0,2,0,12,3,0,0,0,0,6,0,0,4,0,1,0,0,0,0,0,0,0,0,0,0,0,0,0,0,0,0,0,1,0,0,0,0,15,20,0,24,9,26,0,0,1,0,1,3,2,0,0,6,1,0,0,0,1,0,0,0,1,0,0,3,0,0,0,0,0,0,0,0,0,0,0,0,0,0,0,0,0,0,1,0,0,0,0,0,0,0,0,0,0,0,3,0,0,0,0,0,0,0,0,0,0,0,2,1,22,9,1,1,6,0,0,6,7,4,0,1,1,5,1,3,2,1,0,0,0,0,0,0,0,0,0,0,0,0,0,0,0,0,0,0,0,0,0,0,0,0,0,0,0,0,0,0,0,0,0,0,0,0,0,0,0,0,0,0,0,0,0,0,0,0,0,0,0,0,0,0,0,0,0,0,0,0,0,0,0,0,0,0,0,0,0,0,0,0,0,0,0,0,0,0,0,0,0,1,7,1,2,0,4,0,0,0,0,0,0,0,6,0,2,2,0,5,2,0,0,1,0,0,0,0,0,0,0,0,1,0,1,0,0,0,0,0,0,0,0,0,0,0,0,0,0,2,0,0,0,0,0,0,0,0,0,1,0,0,0,0,0,0,0,0,0,0,0,0,0,0,0,0,0,0,0,0,0,0,0,0,0,0,0,0,0,0,0,0,0,0,0,0,0,0,0,0,0,0,0,0,0,0,0,0,0,0,0,0,0,0,0,0,0,0,0,0,0,0,0,0,0,0,0,0,0,0,0,0,0,0,0,0,0,0,0,0,0,0,0,0,0,0,0,0,0,0,0,0,0,0,0,0,0,0,0,0,0,0,0,0,0,0,0,0,0,0,0,0,0,0,0,0,0,0,0,0,0,0,0,0,0,0,0,0,0,0,0,0,0,0,0,0,0,0,0,0,0,0,0,0,0,0,0,0,1,0,0,23,1,0,13,27,1,6,25,2,8,30,1,3,0,15,0,28,3,1,0,0,23,0,0,30,2,1,2,0,0,13,0,26,2,1,23,1,2,0,0,0,0,0,0,0,0,2,6,0,4,6,0,0,8,1,2,1,2,2,1,1,1,1,0,0,0,0,0,0,1,0,0,0,0,1,0,3,1,5,1,1,5,4,7,9,5,0,3,0,2,2,0,0,0,0,0,3,0,0,0,0,0,0,0,0,0,0,0,1,1,0,0,0,0,0,0,0
"InChI=1S/C99H140N20O17/c1-51(2)37-73(109-86(123)59(17)107-81(122)49-105-96(133)82(55(9)10)106-50-121)89(126)108-60(18)87(124)117-84(57(13)14)98(135)119-85(58(15)16)99(136)118-83(56(11)12)97(134)116-80(44-64-48-104-72-34-26-22-30-68(64)72)95(132)112-76(40-54(7)8)92(129)115-79(43-63-47-103-71-33-25-21-29-67(63)71)94(131)111-75(39-53(5)6)91(128)114-78(42-62-46-102-70-32-24-20-28-66(62)70)93(130)110-74(38-52(3)4)90(127)113-77(88(125)100-35-36-120)41-61-45-101-69-31-23-19-27-65(61)69/h19-34,45-48,50-60,73-80,82-85,101-104,120H,35-44,49H2,1-18H3,(H,100,125)(H,105,133)(H,106,121)(H,107,122)(H,108,126)(H,109,123)(H,110,130)(H,111,131)(H,112,132)(H,113,127)(H,114,128)(H,115,129)(H,116,134)(H,117,124)(H,118,136)(H,119,135)/t59-,60-,73+,74+,75+,76+,77-,78-,79-,80-,82-,83+,84+,85-/m0/s1",0,0,0,16,0,0,8,0,8,0,0,0,15,0,3,4,0,0,0,0,0,12,6,15,0,16,4,0,0,0,2,0,10,8,0,1,1,16,10,0,0,0,8,0,16,1,0,4,4,0,0,0,0,0,1,0,0,21,2,0,0,16,4,3,1,17,18,20,0,0,4,17,1,0,18,0,20,0,3,16,11,33,1,32,17,18,20,36,4,17,36,4,0,0,1,1,0,8,40,0,1,4,8,40,0,0,99,20,17,54,32,8,1,8,36,4,0,12,0,0,8,8,40,0,12,1,0,0,0,1,0,0,8,0,0,1,1,30,0,16,8,32,16,46,16,0,45,1,15,16,8,1,45,0,1,28,0,8,0,0,0,0,0,16,14,40,30,30,0,0,0,0,0,0,8,8,1,24,8,8,8,0,0,0,24,0,8,8,8,1,0,0,0,0,16,0,14,0,16,0,0,0,0,0,0,1,24,0,16,0,0,0,0,0,8,1,8,0,15,15,0,0,0,20,0,0,0,1,0,0,0,0,0,0,0,0,0,15,14,0,0,0,0,0,0,0,0,0,0,0,0,0,0,0,0,0,0,8,0,0,0,0,0,0,0,0,0,0,0,0,1,1,1,1,1,0,0,0,37,8,1,0,0,0,0,8,4,4,0,15,42,8,30,42,8,15,8,0,8,8,0,0,0,0,0,0,8,0,0,0,0,0,13,15,15,1,1,4,4,4,27,0,0,0,0,0,0,0,0,4,4,4,1,14,0,0,0,0,0,0,0,0,0,8,14,0,0,0,4,0,0,0,20,18,0,1,8,12,8,0,0,0,8,0,0,0,0,16,0,11,0,0,15,0,15,0,0,0,0,0,0,18,22,0,0,1,0,0,0,16,4,0,0,0,4,0,0,0,0,0,0,1,4,0,0,4,0,0,0,0,0,0,0,0,0,0,4,0,4,0,1,2,0,0,0,0,0,0,0,0,0,0,0,1,0,0,0,0,0,0,4,0,0,13,0,0,0,0,0,0,0,0,0,1,0,0,0,0,0,0,0,1,1,0,0,0,0,0,0,0,0,0,0,0,0,0,0,1,1,0,0,0,0,14,0,0,0,0,0,0,0,0,0,0,0,0,0,0,0,0,0,0,0,0,0,0,0,0,0,0,0,0,0,0,0,0,0,0,0,0,0,0,0,0,0,0,0,0,0,0,0,0,0,0,0,0,0,0,0,0,0,0,0,0,0,0,0,0,0,0,0,0,0,0,0,0,0,0,0,48,42,0,16,36,0,8,99,20,17,86,40,17,90,20,57,0,16,16,80,57,50,15,0,14,16,16,72,36,50,60,30,0,16,30,40,65,44,64,60,52,4,15,0,16,16,14,0,16,0,0,0,0,0,16,0,0,0,0,0,0,0,0,0,0,0,26,0,0,0,4,0,0,8,0,0,0,0,0,0,0,0,0,0,0,0,0,0,0,15,0,0,0,0,0,0,8,0,0,0,27,0,15,15,42,15,0,0,0,0,0,0,0,0,0,0,0,0,0,14
"InChI=1S/C62H86N12O16/c1-27(2)42-59(84)73-23-17-19-36(73)57(82)69(13)25-38(75)71(15)48(29(5)6)61(86)88-33(11)44(55(80)65-42)67-53(78)35-22-21-31(9)51-46(35)64-47-40(41(63)50(77)32(10)52(47)90-51)54(79)68-45-34(12)89-62(87)49(30(7)8)72(16)39(76)26-70(14)58(83)37-20-18-24-74(37)60(85)43(28(3)4)66-56(45)81/h21-22,27-30,33-34,36-37,42-45,48-49H,17-20,23-26,63H2,1-16H3,(H,65,80)(H,66,81)(H,67,78)(H,68,79)/t33-,34-,36+,37+,42-,43-,44+,45+,48+,49+/m1/s1",0,0,1,2,3,0,2,0,4,8,0,0,8,4,0,2,1,6,2,0,3,0,2,10,4,17,2,5,1,0,4,0,0,8,0,2,0,10,6,0,2,0,2,2,10,4,0,12,9,6,2,0,0,22,2,0,0,5,2,6,2,13,12,4,0,16,16,12,22,5,3,16,4,6,16,17,5,5,4,13,0,21,4,27,16,16,12,14,3,16,52,0,0,0,1,1,0,4,6,1,1,0,4,6,0,0,62,12,16,40,6,0,6,4,6,0,0,0,0,2,4,4,6,0,0,1,2,2,2,1,0,2,0,6,5,4,4,20,5,16,0,28,13,30,22,3,31,7,14,10,0,4,48,7,6,24,4,0,0,0,0,0,0,14,9,30,22,33,0,1,0,0,0,0,4,0,1,14,0,0,0,0,0,0,16,5,2,0,0,1,3,2,6,4,0,2,10,2,0,0,2,2,2,2,0,1,19,0,13,0,0,0,0,1,0,1,0,2,16,11,2,2,1,0,1,2,2,1,2,2,0,0,0,0,0,0,2,10,12,2,4,2,0,0,0,0,0,0,0,0,0,0,0,0,0,4,6,2,1,0,8,0,5,0,0,0,0,0,0,0,1,1,1,1,1,0,1,1,24,6,1,0,0,0,0,0,0,0,0,22,26,0,26,40,0,8,4,0,0,0,0,0,0,0,2,0,0,0,0,0,0,0,9,8,14,2,1,0,0,0,21,0,0,2,0,0,0,0,0,0,0,0,1,8,0,0,0,0,0,0,0,0,0,0,6,0,0,0,0,0,0,0,2,16,1,0,0,20,0,0,0,0,2,0,6,10,0,13,11,0,8,3,2,0,2,0,0,0,0,0,0,8,4,2,1,0,0,0,0,2,2,0,0,0,0,0,0,0,0,0,0,0,0,0,0,0,0,0,2,0,2,0,0,0,0,0,0,0,0,0,0,0,0,0,0,0,0,0,0,0,0,0,2,0,0,0,0,0,0,0,0,0,0,0,0,0,0,0,0,0,0,0,0,0,0,0,0,0,0,0,0,0,0,0,0,0,0,0,0,0,0,0,0,0,0,0,0,0,0,0,0,0,0,0,0,0,0,0,0,0,0,0,0,0,0,0,0,0,0,0,0,0,0,0,0,0,0,0,0,0,0,0,0,0,0,0,0,0,0,0,0,0,0,0,0,0,0,0,0,0,0,0,0,0,0,0,0,0,0,0,0,0,0,0,0,0,0,0,0,0,0,0,0,0,0,0,0,0,0,14,26,0,12,17,0,17,62,12,16,48,29,19,46,23,36,0,24,10,34,52,33,8,0,25,17,16,22,28,42,25,26,0,29,20,8,42,14,24,48,28,2,20,0,14,14,22,0,4,3,10,0,8,10,24,0,18,0,0,0,0,0,0,0,0,0,21,0,0,0,0,6,7,0,12,4,5,3,4,3,2,4,2,2,3,11,20,4,10,8,2,0,0,4,0,0,3,8,2,1,24,0,10,14,40,22,0,0,0,0,0,5,2,0,0,0,0,0,0,6
"InChI=1S/C62H111N11O12/c1-25-27-28-40(15)52(75)51-56(79)65-43(26-2)58(81)67(18)33-48(74)68(19)44(29-34(3)4)55(78)66-49(38(11)12)61(84)69(20)45(30-35(5)6)54(77)63-41(16)53(76)64-42(17)57(80)70(21)46(31-36(7)8)59(82)71(22)47(32-37(9)10)60(83)72(23)50(39(13)14)62(85)73(51)24/h25,27,34-47,49-52,75H,26,28-33H2,1-24H3,(H,63,77)(H,64,76)(H,65,79)(H,66,78)/b27-25+/t40-,41+,42-,43+,44+,45+,46+,47+,49+,50+,51+,52-/m1/s1",0,0,1,1,0,0,0,0,6,14,0,0,11,0,0,0,0,7,1,0,1,3,1,11,7,12,0,1,0,1,1,0,1,0,0,3,0,11,6,0,0,1,10,6,11,0,0,11,11,7,0,0,0,22,2,0,0,5,1,0,0,11,11,1,1,12,24,11,22,0,0,12,0,7,24,23,4,1,1,11,6,21,1,29,12,24,11,0,0,12,33,0,0,0,1,0,0,0,0,0,1,0,0,0,0,0,62,11,12,43,0,0,1,0,0,0,0,0,0,0,0,0,0,0,0,1,0,0,0,1,0,0,0,0,3,1,1,21,0,18,0,29,11,38,25,0,32,2,11,11,0,1,52,0,2,21,0,0,0,0,0,0,0,10,9,29,20,33,0,0,0,0,0,0,11,0,0,20,0,0,0,0,1,1,22,1,11,0,0,1,0,1,2,1,0,0,10,0,0,0,0,0,0,0,0,1,37,0,10,0,0,0,0,0,0,0,0,1,18,11,0,0,0,0,0,0,0,0,0,0,0,0,0,0,0,0,0,11,11,1,2,1,0,0,0,0,0,0,0,0,0,1,0,0,0,1,1,10,0,0,0,0,0,0,0,0,0,0,0,0,1,1,1,1,1,0,0,0,29,16,1,0,0,0,0,0,0,0,0,29,32,0,36,53,0,11,10,0,0,0,0,0,0,0,0,0,0,0,0,0,0,0,10,11,18,1,0,0,0,0,20,0,0,0,0,0,0,0,0,0,0,0,1,11,0,0,0,0,0,0,0,0,0,0,11,0,0,0,0,0,0,0,0,24,0,1,0,11,0,0,0,0,0,0,7,10,1,11,11,6,1,0,0,0,0,0,0,0,0,0,0,13,8,0,0,2,0,0,0,0,4,0,0,0,0,0,0,0,0,1,0,0,4,0,0,0,0,0,0,0,0,0,0,0,0,0,0,0,0,0,0,0,0,0,0,0,0,0,0,0,0,0,0,0,0,0,0,0,0,0,0,0,0,0,0,0,0,0,0,0,0,0,0,0,0,0,0,0,0,0,0,0,0,0,0,0,0,0,0,0,0,0,0,0,0,0,0,0,0,0,0,0,0,0,0,0,0,0,0,0,0,0,0,0,0,0,0,0,0,0,0,0,0,0,0,0,0,0,0,0,0,0,0,0,0,0,0,0,0,0,0,0,0,0,0,0,0,0,0,0,0,0,0,0,0,0,0,0,0,0,0,0,0,0,0,0,0,0,0,0,0,0,0,0,0,0,0,0,0,11,32,0,11,2,0,2,62,11,12,44,29,12,40,25,32,0,13,11,24,52,20,11,0,13,12,18,14,21,33,20,36,0,11,21,2,29,16,4,29,37,0,12,0,10,12,11,0,10,0,0,0,0,0,20,0,0,0,0,0,0,0,0,0,0,0,9,0,0,0,0,0,0,0,0,0,1,0,1,0,0,0,0,0,1,0,0,0,0,11,0,0,0,0,0,0,0,2,0,0,20,0,12,18,53,29,0,0,0,0,0,0,0,0,0,0,0,0,0,11
