inchi,maccs_25,maccs_43,maccs_53,maccs_54,maccs_65,maccs_72,maccs_74,maccs_75,maccs_77,maccs_78,maccs_79,maccs_80,maccs_82,maccs_83,maccs_84,maccs_85,maccs_86,maccs_88,maccs_89,maccs_90,maccs_91,maccs_92,maccs_93,maccs_95,maccs_96,maccs_97,maccs_98,maccs_99,maccs_100,maccs_104,maccs_105,maccs_106,maccs_108,maccs_109,maccs_110,maccs_111,maccs_112,maccs_113,maccs_114,maccs_115,maccs_116,maccs_117,maccs_118,maccs_119,maccs_120,maccs_121,maccs_122,maccs_123,maccs_126,maccs_127,maccs_128,maccs_129,maccs_131,maccs_132,maccs_136,maccs_137,maccs_138,maccs_139,maccs_140,maccs_141,maccs_142,maccs_143,maccs_144,maccs_145,maccs_146,maccs_147,maccs_148,maccs_149,maccs_150,maccs_151,maccs_152,maccs_153,maccs_154,maccs_155,maccs_156,maccs_157,maccs_158,maccs_159,maccs_160,maccs_161,maccs_162,maccs_163,maccs_164,maccs_165,-1873263708,-1847844375,-1779602815,-1779215532,-1779215129,-1550059087,-1550059075,-1549671401,-1432935145,-1240549133,-1091992671,-801319945,-619386996,-618999310,-429140982,-428753699,-428753296,-87621824,67,79,65849,66252,77381,77877,63282351,63669634,63670037,74364603,74365006,74841259,74841271,284557139,284944422,483078320,684798629,746870567,1056977592,1057364875,1057365278,1119437216,1445324489,1633829536,2037342038,2037342441,2143185518,-1550059076,-1273370073,-392719481,78,66345,76420,63292922,63293883,63759007,73441082,571657745,694957360,695880881,746870579,746881138,961487643,1445324490,1445324491,1445324492,1445324493,-1432935133,483077917,1633829133,-1873263707,-1873263706,-1873263705,-1848232061,-1240549132,381411731,83,-1663199971,972569895,1445324494,-2130472164,-2014938020,-2004779289,-1979496352,-1740642266,-1740631695,-1488532264,-1488532252,-1422776414,-1091992660,-1091982100,-255394674,76916,63769578,73917738,74365110,74841270,381411742,391570462,483088488,493236648,746870578,779886418,971646374,1200117906,1315652050,1554017630,1554017641,1744263644,1847420637,1857404528,1857404539,2134093542,-2018322645,-2014922644,-1848216685,81225,63297727,78058687,699574965,1717157409,1885207581,1999955637,2106987307,2106987318,1633829145,685275285,1445324495,1445324496,-1848232049,-1848231553,381411743,-1848221490,381422302,483077928,1633829144,-2064996522,-2014927449,-1979485781,-1740642255,-606609633,-186765428,76823,63680608,73828365,73828768,73917749,308419095,384678049,684973469,1067523606,1067524009,1163696405,1633829641,-1432935134,-2014550334,-1740641863,1047381387,-2064996119,-606609230,674814738,674814749,-1432924574,1633839704,-1848232050,907051586,1620749707,-2064996108,-2064985548,-1842743565,-606598659,-186367171,-176219414,-176219011,73828779,1174242419,38008333,-2014937617,675202424,-2027315171,-1730483535,-842332121,-255394662,73441093,1857415099,907051597,1047391958,-2014938009,674825309,-675626162,1643987864,-1847844364,-1488531756,-675626151,-1350038551,-2065383805,-2014539763,-1847833804,-1843130848,-1722217514,-1722217503,-1129432727,-606996916,-558944391,-558944380,791517442,1633829547,-1983007249,-1269309128,1885207084,-2130461593,1295514597,-782041566,920840418,1885217644,-255394663,1285366437,-1942066640,-274646278,675212995,-201774909,1325810781,-255394271,-1931918480,-274635718,-255394260,439062403,-1838073330,-1488532253,-255384103,-201785469,1847420648,-255394166,1445324497,1855386247,-1028866103,-1006701866,-964879417,-614966677,-554489181,-513573682,-507103631,-289109509,-281691030,369386629,722031324,790592664,1024300589,1163511423,1284619186,1413433893,1583419672,1627608083,1805809628,1885681029,1892960349,1972652850,2147204365,-1027418143,-801752141,1275263229,519008602,1187172105,-1951192287,-1814480656,-626473936,1580202494,251809297,-1771811752,-160203532,140710659,1477987342,1330536927,-1416132094,228771567,-798682561,957663557,-868007456,-1978583541,-1198579342,-636984940,1498326252,1680197806,-403312500,401570022,-2113420786,1587446822,-131080542,2130908821,1931971844,-145809275,-1685505461,-1469934531,229166175,423552486,598483088,1323701668,626767077,-1536459552,-806714497,134489603,1172880295,-999136859,-307429614,-1845902718,-1072480744,-669040371,-414937772,258833948,275330665,1136072639,1374579209,1455118100,1904696679,2145614241,944233599,-1367077812,1765138320,-246975031,708470183,1070776755,-1013020258,1291862412,-1839792723,-1993148702,362314941,-2133482113,-2106279496,-2099248467,-2096444159,-1986115306,-1582249340,-1556008205,-1487217298,-1478965380,-1472143348,-1334335963,-1219630758,-1160580727,-1059145289,-1035138674,-1012954482,-878598355,-779040267,-776325995,-686490886,-617243047,-605026050,-553083174,-401220928,-365441993,-221617712,-187407885,-174551952,-146999425,-9047353,353165809,496710269,563321978,598300554,604760370,630877016,772786829,774364001,906387740,919832115,959471696,1133030046,1210796079,1259653276,1264008564,1384390004,1384512565,1468047908,1480565088,1571117995,1612184468,1704966178,1746070443,1765549817,1908122694,1981361624,-2117839097,-2108750784,-1986763061,-1930114126,-1896120561,-1857532449,-1846047463,-1844064173,-1639186262,-1597387950,-1483560215,-1303528692,-1273703940,-1228567258,-1133322732,-1067767267,-926137767,-886022912,-771486890,-692810209,-656921786,-458562947,-436608523,-360288389,13326480,308846696,420023360,545039459,553514145,565777468,670594567,950336712,962328941,1270819809,1301034813,1602787468,1801996986,-1222269705,-509642793,-408269204,1701515054,1710677920,1928350086,145148881,444287804,1505272116,1653230686,-105740521,-69248232,347064059,476950395,746630409,1657663283,-138351347,364978951,66341216,401813348,-1137925917,-1969325932,-919561681,67,79,2144,2516,66531,78063,78075,2062528,2420020,2420032,63938435,75020687,1315296035,1982091552,-1969325560,-919550149,78,2485,66872,66903,77102,2073099,2074060,2420031,63949967,64295927,75020699,75021028,75021059,1315653527,1326378287,1658845847,1982449044,1993173804,-1969325920,-919561669,-1997955083,-1969325921,-1807065362,83,2390229,74097166,2640,-1997944512,-1969325591,-1969315361,-1968998231,-1968998220,-1968998219,-1807065351,-1806737661,-919561670,-919551110,-919233980,-919233969,-909402950,-909402609,78074,2390240,2420361,63949006,64266136,74097507,75020698,75031258,1315623736,1325454766,1630216696,1630227267,1982419253,1992250283,1992250624,-1997954587,-1854809316,-919561185,67027,81907,2077904,2539184,64415091,78714771,78714782,1996867888,-919561340,-1997954742,-1997627382,-1807054791,-1796906620,77113,2390570,64266477,74097177,74107737,1630217037,1630544397,1992260854,-909402938,-1854808987,-1664503682,-1664503670,1773362792,-909402939,-1796906631,-1997955072,-1807065021,-1806737650,-1854809317,-1807064866,-1664513912
"InChI=1S/C66H75Cl2N9O24/c1-23(2)12-34(71-5)58(88)76-49-51(83)26-7-10-38(32(67)14-26)97-40-16-28-17-41(55(40)101-65-56(54(86)53(85)42(22-78)99-65)100-44-21-66(4,70)57(87)24(3)96-44)98-39-11-8-27(15-33(39)68)52(84)50-63(93)75-48(64(94)95)31-18-29(79)19-37(81)45(31)30-13-25(6-9-36(30)80)46(60(90)77-50)74-61(91)47(28)73-59(89)35(20-43(69)82)72-62(49)92/h6-11,13-19,23-24,34-35,42,44,46-54,56-57,65,71,78-81,83-87H,12,20-22,70H2,1-5H3,(H2,69,82)(H,72,92)(H,73,89)(H,74,91)(H,75,93)(H,76,88)(H,77,90)(H,94,95)/t24-,34+,35-,42+,44-,46+,47+,48?,49+,50-,51+,52+,53+,54-,56+,57+,65-,66-/m0/s1",0,0,5,11,0,9,1,0,0,0,6,1,1,0,2,0,0,0,9,4,1,7,1,11,0,6,2,0,0,4,14,0,2,1,7,4,1,16,0,3,1,7,0,0,9,5,0,3,2,34,0,0,19,4,8,9,1,10,24,5,9,34,7,7,24,0,0,5,10,9,16,1,8,3,17,22,16,24,5,9,30,7,24,62,1,4,10,14,30,18,7,16,5,1,8,4,8,16,10,14,30,4,66,24,32,30,22,8,24,14,30,22,16,8,1,10,14,0,14,14,10,14,30,16,1,4,10,16,4,4,7,0,9,0,16,7,6,0,24,2,20,10,5,3,7,1,1,1,1,2,8,2,1,1,1,0,1,5,0,9,6,1,6,2,17,0,8,12,3,3,12,7,6,0,0,0,0,0,7,0,4,2,3,5,3,12,8,2,3,3,15,8,13,6,10,0,0,0,0,0,0,0,0,0,0,0,0,0,0,1,1,0,0,3,1,0,0,2,0,1,0,1,0,0,0,0,0,0,0,0,0,1,0,0,0,1,1,8,8,8,0,0,0,0,7,1,0,0,0,0,0,0,0,0,0,0,0,0,0,4,4,0,0,0,0,0,0,0,0,1,1,6,6,0,6,6,0,0,0,0,0,0,0,0,0,0,0,0,0,8,8,0,6,12,0,0,0,1,4,0,0,0,0,17,4,0,0,0,0,1,5,5,0,5,1,1,1,0,3,13,0,1,2,10,8,0,22,0,3,0,3,0,6,0,3,0,0,1,0,0,0,5,0,2,0,2,0,1,0,0,16,5,0,1,0,7,0,0,1,2,0,0,0,0,0,0,0,1,1,0,5,0,0,0,0,0,0,0,0,0,0,0,2,5,0,0,0,0,0,1,0,0,0,0,0,0,0,0,0,0,0,0,0,0,0,0,0,0,0,0,0,0,0,0,0,0,0,0,0,0,0,1,0,0,0,0,0,0,0,0,0,0,0,0,0,0,0,0,0,0,0,0,0,0,0,0,0,0,0,0,0,0,0,0,0,0,0,0,1,0,0,0,0,0,0,0,0,0,0,0,0,0,0,0,0,0,0,0,0,0,0,0,0,0,0,0,0,0,0,0,0,0,0,0,0,0,0,0,0,0,0,0,0,0,0,0,0,0,0,0,0,0,0,0,0,0,0,0,0,0,0,0,63,64,66,24,62,30,68,46,3,73,48,9,77,55,54,79,6,10,9,16,7,6,24,20,20,11,16,17,9,10,12,11,34,21,29,22,8,15,23,6,23,0,19,23,0,17,3,9,9,5,9,0,14,7,5,9,9,11,5,7,6,6,12,16,12,6,12,9,27,23,17,21,21,6,0,0,0,0,0,0,0,0,0,0,0,5,1,0,1,0,0,0,0,1,0,0,0,0,1,0,0,0,0,1,0,1,1,5,0,0,0
"InChI=1S/C46H65N15O12S2/c47-27-22-74-75-23-33(45(73)61-17-5-9-34(61)44(72)56-28(8-4-16-53-46(51)52)39(67)54-21-37(50)65)60-43(71)32(20-36(49)64)59-40(68)29(14-15-35(48)63)55-41(69)31(18-24-6-2-1-3-7-24)58-42(70)30(57-38(27)66)19-25-10-12-26(62)13-11-25/h1-3,6-7,10-13,27-34,62H,4-5,8-9,14-23,47H2,(H2,48,63)(H2,49,64)(H2,50,65)(H,54,67)(H,55,69)(H,56,72)(H,57,66)(H,58,70)(H,59,68)(H,60,71)(H4,51,52,53)/t27-,28-,29-,30?,31-,32?,33-,34-/m0/s1",1,1,1,7,0,0,0,2,3,1,9,1,1,1,6,1,0,2,0,12,9,11,0,9,1,1,0,0,3,10,0,1,0,0,11,13,0,2,0,0,0,11,5,1,8,6,1,0,0,12,2,1,14,3,11,8,5,1,12,0,15,12,0,2,12,5,1,0,6,13,1,5,11,9,20,1,24,12,0,15,12,2,12,37,1,4,4,4,12,0,0,2,8,1,10,4,2,2,4,4,12,4,46,12,26,12,1,11,17,4,12,0,2,11,0,4,4,0,9,0,4,4,12,2,1,4,2,2,4,0,0,0,15,0,24,10,0,0,30,0,28,0,0,0,3,1,1,1,1,0,0,4,1,1,1,0,0,0,2,0,0,1,10,6,25,0,13,18,7,0,16,9,9,4,1,1,0,0,11,0,0,0,0,0,7,18,15,4,0,0,24,16,18,9,18,0,0,0,2,0,2,0,0,0,2,0,2,0,0,1,1,0,1,0,2,0,0,3,0,1,0,1,0,0,0,0,0,0,2,0,0,1,0,0,0,1,1,4,4,4,0,0,0,3,9,1,4,0,0,0,0,0,0,0,0,0,0,0,0,4,4,0,0,0,0,1,0,0,0,3,3,9,9,0,8,8,0,0,0,0,0,0,0,0,0,0,0,0,0,4,4,0,9,4,5,0,3,1,4,0,0,0,0,25,4,0,0,0,0,1,8,8,0,8,1,1,1,1,6,9,1,1,1,1,11,0,8,1,9,0,1,2,6,2,7,0,0,0,0,2,0,0,0,0,1,0,0,0,0,1,7,5,1,5,0,0,0,0,0,6,1,1,0,1,1,0,1,0,0,0,5,0,0,2,1,2,3,1,1,0,0,0,2,0,0,0,0,0,1,5,0,0,0,0,0,0,0,1,0,0,0,0,0,1,1,0,1,0,0,0,0,0,0,0,0,0,0,0,0,1,0,3,0,0,0,0,0,0,0,0,0,0,0,0,0,0,0,0,0,0,0,0,0,0,0,0,0,0,0,0,0,0,0,0,0,0,0,1,1,0,0,0,0,0,0,0,0,0,0,0,0,0,0,0,0,0,0,0,0,0,0,1,0,0,0,0,0,0,0,0,0,0,0,0,0,0,0,0,0,0,0,0,0,0,0,0,0,0,0,0,0,0,0,0,0,0,0,0,0,0,0,0,12,8,46,12,38,12,33,13,0,29,12,0,27,10,12,24,0,0,15,25,11,0,30,29,0,9,0,0,0,9,0,0,0,0,0,0,1,1,14,3,8,2,18,17,2,25,1,9,7,8,8,3,16,4,1,9,8,8,8,11,9,9,18,19,18,1,16,7,19,13,25,24,15,9,0,0,0,0,2,0,2,0,0,2,0,2,1,2,1,0,3,2,0,1,2,0,0,0,1,3,5,0,0,1,2,3,4,8,0,0,0
"InChI=1S/C39H54N10O14S/c1-4-16(2)31-36(60)42-11-29(55)43-25-15-64(63)38-21(20-6-5-18(51)7-22(20)46-38)9-23(33(57)41-12-30(56)47-31)44-37(61)32(17(3)27(53)14-50)48-35(59)26-8-19(52)13-49(26)39(62)24(10-28(40)54)45-34(25)58/h5-7,16-17,19,23-27,31-32,46,50-53H,4,8-15H2,1-3H3,(H2,40,54)(H,41,57)(H,42,60)(H,43,55)(H,44,61)(H,45,58)(H,47,56)(H,48,59)/t16?,17-,19+,23-,24-,25-,26-,27-,31-,32-,64?/m0/s1",0,0,3,7,2,1,0,0,0,0,8,1,3,2,1,1,0,1,0,6,7,9,0,10,2,5,0,0,3,9,8,0,0,1,9,7,0,2,1,1,1,9,0,0,10,9,1,0,0,22,4,0,13,7,10,10,5,4,14,3,10,22,1,1,14,0,2,3,3,9,3,5,9,3,17,4,18,14,3,10,9,1,14,39,1,2,2,2,10,4,1,2,8,1,7,2,0,4,2,2,10,2,39,14,24,8,4,9,18,2,9,5,2,9,0,2,2,0,12,4,2,2,10,2,1,2,0,4,2,1,0,0,10,0,18,10,0,0,24,0,27,0,0,2,3,1,1,1,1,0,1,3,1,1,1,0,1,0,1,0,0,1,12,4,24,0,12,18,8,1,15,8,9,4,0,0,0,0,9,1,2,3,3,2,6,17,16,4,1,2,20,15,15,8,17,1,1,0,2,1,1,1,0,0,1,0,1,2,0,1,1,1,0,0,2,3,3,2,1,1,0,1,1,1,2,1,0,3,0,0,0,1,0,3,1,1,1,2,2,2,4,4,0,1,9,1,1,1,1,0,0,0,0,0,0,0,0,0,0,2,2,0,0,0,2,0,0,1,1,1,2,7,9,1,8,8,0,0,0,0,0,0,0,0,0,0,0,0,0,2,2,0,10,2,2,1,1,1,2,0,0,0,1,27,2,0,0,0,0,1,8,9,1,8,1,1,0,0,1,3,0,1,3,4,10,0,13,0,3,0,1,1,2,0,1,0,1,0,0,0,1,3,1,0,0,2,0,0,0,0,7,8,0,6,0,1,0,1,1,1,1,0,0,0,0,0,0,0,0,0,8,0,0,0,0,0,0,0,0,0,0,0,0,1,0,0,0,0,0,1,0,0,0,0,0,0,0,0,0,0,0,0,0,0,0,0,0,0,0,0,0,0,0,0,0,0,0,0,0,0,0,1,0,0,0,0,0,0,0,0,0,0,0,0,0,0,0,0,0,0,0,0,0,0,0,0,0,0,0,0,0,0,0,0,0,0,0,0,0,0,0,0,0,0,0,0,0,0,0,0,0,0,0,0,0,0,0,0,0,0,0,0,0,0,0,0,0,0,0,0,0,0,0,0,0,0,0,0,0,0,0,0,0,0,0,0,0,0,0,0,0,0,0,0,0,0,0,0,0,0,0,0,10,8,39,14,32,13,29,16,0,26,13,1,19,14,10,16,0,0,10,20,11,0,27,30,0,9,0,0,0,11,0,0,0,0,0,0,3,1,14,5,9,1,20,21,2,24,5,12,8,8,9,3,15,4,4,8,10,6,9,9,8,9,19,22,18,4,15,9,23,13,27,25,19,10,1,0,0,1,2,2,3,3,3,1,3,5,1,0,1,0,0,0,0,1,0,0,0,0,3,1,2,0,1,1,0,2,4,8,2,2,1
"InChI=1S/C66H103N17O16S/c1-9-35(6)52(69)66-81-48(32-100-66)63(97)76-43(26-34(4)5)59(93)74-42(22-23-50(85)86)58(92)83-53(36(7)10-2)64(98)75-40-20-15-16-25-71-55(89)46(29-49(68)84)78-62(96)47(30-51(87)88)79-61(95)45(28-39-31-70-33-72-39)77-60(94)44(27-38-18-13-12-14-19-38)80-65(99)54(37(8)11-3)82-57(91)41(21-17-24-67)73-56(40)90/h12-14,18-19,31,33-37,40-48,52-54H,9-11,15-17,20-30,32,67,69H2,1-8H3,(H2,68,84)(H,70,72)(H,71,89)(H,73,90)(H,74,93)(H,75,98)(H,76,97)(H,77,94)(H,78,96)(H,79,95)(H,80,99)(H,82,91)(H,83,92)(H,85,86)(H,87,88)/t35-,36-,37-,40-,41+,42+,43-,44+,45-,46-,47+,48-,52-,53-,54-/m0/s1",0,0,3,10,4,0,1,0,1,1,13,2,2,2,3,0,0,1,0,18,10,12,0,11,2,3,0,0,2,14,0,0,0,0,12,13,0,0,3,5,0,12,6,1,11,10,0,2,0,14,1,1,17,5,14,11,3,2,16,8,17,14,0,1,16,6,0,8,7,15,0,3,14,13,26,2,26,16,8,17,11,1,16,41,1,2,2,2,6,2,0,0,15,1,14,2,0,0,2,2,6,2,66,16,47,7,2,14,39,3,6,2,0,14,2,2,2,0,26,2,3,2,6,0,1,3,0,0,3,0,0,0,17,0,26,11,0,0,38,1,32,0,0,0,9,1,1,1,1,0,1,8,1,1,1,1,0,0,1,0,0,1,20,10,31,1,23,21,13,0,21,11,11,8,1,1,1,0,12,1,1,1,0,1,13,21,31,9,0,0,34,23,28,11,24,2,1,0,2,1,2,2,2,0,2,2,1,1,0,1,1,1,1,0,3,2,2,4,1,1,0,1,1,1,4,2,1,2,0,0,0,1,1,2,1,2,2,2,3,2,0,0,2,2,10,2,2,1,1,1,2,1,1,2,1,2,1,1,0,3,2,0,0,0,1,0,0,1,1,2,2,10,10,1,10,10,1,1,1,1,1,1,1,1,1,1,1,1,1,3,2,0,10,3,2,1,1,1,3,1,1,1,1,29,3,1,1,1,1,2,10,10,1,10,2,1,1,0,7,7,0,0,8,2,14,0,10,0,13,0,0,0,2,0,7,0,0,2,0,1,3,8,3,0,1,5,0,1,0,1,8,7,1,5,2,0,1,0,0,3,0,0,2,2,0,1,1,1,1,0,8,1,0,2,1,2,3,1,1,0,0,0,4,0,0,1,0,0,0,1,0,0,0,0,0,0,0,0,1,1,0,0,1,0,0,0,3,0,0,0,0,0,0,0,0,0,0,0,0,1,0,1,0,0,0,0,0,0,0,0,0,0,0,0,0,0,0,0,0,0,0,0,0,0,0,0,0,0,0,0,0,0,0,0,0,0,0,0,3,0,0,0,0,0,0,0,0,0,0,0,0,0,0,0,0,0,0,0,0,0,0,0,0,0,0,0,0,0,0,0,0,0,0,0,0,0,0,0,0,0,0,0,0,0,0,0,0,0,0,0,0,0,0,0,0,0,0,0,0,0,0,0,12,3,66,16,54,16,48,16,2,37,16,0,22,17,6,13,0,0,17,31,14,0,42,38,0,11,0,0,0,11,0,0,0,0,0,0,3,2,17,7,6,1,31,30,2,34,3,11,13,10,10,3,24,4,3,11,11,11,10,12,13,11,23,27,25,3,21,13,38,16,32,36,27,11,1,0,0,1,2,2,2,2,2,1,2,6,3,2,2,1,1,2,1,2,3,1,1,1,3,1,2,0,1,2,2,4,6,11,0,0,0
"InChI=1S/C72H101N17O26/c1-5-6-7-8-9-10-11-22-53(93)81-44(25-38-31-76-42-20-15-13-17-39(38)42)66(108)84-45(27-52(75)92)67(109)86-48(30-59(102)103)68(110)89-61-37(4)115-72(114)49(26-51(91)40-18-12-14-19-41(40)74)87-71(113)60(35(2)24-56(96)97)88-69(111)50(34-90)82-55(95)32-77-63(105)46(28-57(98)99)83-62(104)36(3)79-65(107)47(29-58(100)101)85-64(106)43(21-16-23-73)80-54(94)33-78-70(61)112/h12-15,17-20,31,35-37,43-50,60-61,76,90H,5-11,16,21-30,32-34,73-74H2,1-4H3,(H2,75,92)(H,77,105)(H,78,112)(H,79,107)(H,80,94)(H,81,93)(H,82,95)(H,83,104)(H,84,108)(H,85,106)(H,86,109)(H,87,113)(H,88,111)(H,89,110)(H,96,97)(H,98,99)(H,100,101)(H,102,103)/t35-,36-,37-,43-,44+,45-,46+,47+,48+,49+,50-,60+,61+/m1/s1",0,0,5,13,2,0,0,0,0,0,12,1,4,1,3,0,0,0,2,12,8,14,0,16,1,11,0,0,3,17,2,0,1,1,14,13,0,0,1,2,1,14,9,0,11,10,0,5,0,20,8,5,22,13,20,11,4,5,26,4,17,20,1,2,26,9,0,4,10,17,2,4,20,19,27,7,29,26,4,17,15,2,26,46,1,2,4,4,16,7,0,0,18,1,18,4,0,0,4,4,16,4,72,26,46,14,7,20,33,4,15,8,0,21,5,4,4,0,21,6,4,4,16,0,1,2,0,0,4,3,2,4,17,0,29,13,1,0,39,5,37,3,0,3,9,1,1,1,1,2,2,5,1,1,1,1,1,0,0,3,2,1,13,4,34,0,15,24,10,3,24,13,13,3,0,0,0,0,14,1,6,5,3,5,9,24,21,3,2,3,30,19,23,12,21,0,0,0,0,0,0,0,0,0,0,0,0,4,0,1,1,1,1,0,5,4,4,6,1,1,0,1,1,1,2,1,0,3,0,0,0,1,0,3,1,5,5,2,2,2,4,4,1,1,13,5,2,1,1,0,0,0,0,0,0,0,0,0,0,4,4,0,0,0,3,0,0,1,1,2,2,11,13,1,13,12,0,0,0,0,0,0,0,0,0,0,0,0,0,2,2,0,12,2,0,0,0,1,4,0,0,0,1,34,2,0,0,0,0,5,12,12,1,11,5,1,1,0,10,9,0,0,4,5,20,0,15,0,19,0,0,0,4,0,10,1,0,4,0,0,1,4,0,0,7,1,0,0,3,1,9,10,0,2,4,0,0,0,1,3,0,0,0,0,0,0,0,0,0,0,10,0,2,0,0,4,4,0,0,0,0,1,4,0,0,0,0,0,0,1,0,0,0,0,0,0,0,0,1,1,0,0,1,0,0,0,3,0,0,0,0,0,0,0,0,0,0,0,0,0,0,1,0,0,0,0,0,0,0,0,0,0,0,0,0,0,0,0,0,0,0,0,0,0,0,0,0,0,0,0,0,0,0,0,0,0,1,0,3,0,0,0,0,0,0,0,0,0,0,0,0,0,0,0,0,0,0,0,0,0,0,0,0,0,0,0,0,0,0,0,0,0,0,0,0,0,1,0,0,0,0,0,0,0,0,0,0,0,0,0,0,0,0,0,0,0,0,0,0,0,0,0,11,9,72,26,60,27,52,29,5,45,27,0,37,26,22,35,1,1,17,31,14,1,44,40,3,16,2,2,2,16,0,1,2,1,3,1,9,2,19,10,15,0,31,27,0,34,10,16,10,12,16,4,19,4,11,13,15,5,12,14,12,13,26,26,24,11,24,12,28,14,34,35,20,12,0,0,0,0,0,0,0,0,0,0,0,9,1,0,1,0,0,0,0,1,0,0,0,0,8,0,0,0,0,1,0,3,4,11,0,0,0
"InChI=1S/C27H41NO6S/c1-15-9-8-10-27(7)22(34-27)12-20(16(2)11-19-14-35-18(4)28-19)33-23(30)13-21(29)26(5,6)25(32)17(3)24(15)31/h11,14-15,17,20-22,24,29,31H,8-10,12-13H2,1-7H3/b16-11+/t15-,17+,20-,21-,22-,24?,27+/m0/s1",0,0,0,0,2,0,1,0,0,0,0,0,0,1,0,0,0,1,5,1,1,0,0,0,1,0,0,1,0,1,2,0,4,0,0,0,2,0,0,2,6,0,2,0,4,1,0,1,0,8,3,1,2,6,2,4,0,2,6,7,1,8,0,0,6,2,0,7,7,0,8,0,2,0,2,6,0,6,7,1,5,0,6,22,1,0,0,0,0,16,0,0,3,1,6,0,0,0,0,0,0,0,27,6,23,1,6,2,26,1,0,12,0,3,1,0,0,0,24,9,0,0,0,0,1,0,0,0,0,0,5,22,1,1,0,0,2,3,0,20,0,6,2,0,26,1,1,1,1,3,15,6,1,1,0,2,1,9,1,7,4,0,0,0,0,0,0,0,0,0,0,0,0,0,0,0,0,0,0,0,0,0,0,0,0,0,0,0,0,0,0,0,0,0,0,0,0,0,0,0,0,0,0,0,0,0,0,0,2,0,0,1,1,1,0,0,0,0,0,0,0,0,0,0,2,1,2,1,0,0,0,0,2,1,0,0,0,0,0,0,0,0,0,0,0,0,0,0,0,0,0,0,0,0,0,0,0,0,0,0,0,0,0,0,0,0,0,0,0,0,0,0,0,0,0,0,0,0,0,0,0,0,0,0,0,0,0,0,0,0,0,0,0,0,0,0,0,0,0,0,0,0,0,0,0,0,0,0,0,0,0,0,0,0,0,0,0,0,0,1,0,0,0,2,2,0,4,0,0,0,0,0,0,0,1,0,0,0,0,0,0,7,0,0,0,0,0,0,0,0,6,2,1,5,0,0,0,0,0,0,0,0,1,1,0,0,0,0,0,0,0,0,0,0,0,0,0,0,0,0,0,0,0,2,0,0,0,0,0,0,0,0,0,0,0,0,0,0,0,0,0,0,0,0,0,0,0,0,0,0,0,0,0,0,0,0,0,0,0,0,0,0,0,0,0,0,0,0,0,0,0,0,0,0,0,0,0,0,0,0,0,0,0,0,0,0,0,0,0,0,0,0,0,0,0,0,0,0,0,0,0,0,0,0,0,0,0,0,0,0,0,0,0,0,0,0,0,0,0,0,0,0,0,0,0,0,0,0,0,0,0,0,0,0,0,0,0,0,0,0,0,0,0,0,0,0,0,0,0,0,0,0,0,0,0,0,0,0,0,0,0,0,23,13,27,6,25,8,30,15,1,28,23,0,30,13,26,23,3,5,1,2,1,2,3,3,6,0,4,6,5,0,0,4,7,9,8,5,1,3,1,1,1,1,1,2,2,0,0,0,0,0,0,0,0,0,0,0,0,0,0,0,0,0,2,1,0,0,0,0,2,1,0,1,2,0,0,0,0,1,2,2,1,1,1,0,1,1,0,0,0,0,0,0,0,0,0,0,0,0,0,0,0,0,0,0,0,0,0,0,0,0,0
"InChI=1S/C99H140N20O17/c1-51(2)37-73(109-86(123)59(17)107-81(122)49-105-96(133)82(55(9)10)106-50-121)89(126)108-60(18)87(124)117-84(57(13)14)98(135)119-85(58(15)16)99(136)118-83(56(11)12)97(134)116-80(44-64-48-104-72-34-26-22-30-68(64)72)95(132)112-76(40-54(7)8)92(129)115-79(43-63-47-103-71-33-25-21-29-67(63)71)94(131)111-75(39-53(5)6)91(128)114-78(42-62-46-102-70-32-24-20-28-66(62)70)93(130)110-74(38-52(3)4)90(127)113-77(88(125)100-35-36-120)41-61-45-101-69-31-23-19-27-65(61)69/h19-34,45-48,50-60,73-80,82-85,101-104,120H,35-44,49H2,1-18H3,(H,100,125)(H,105,133)(H,106,121)(H,107,122)(H,108,126)(H,109,123)(H,110,130)(H,111,131)(H,112,132)(H,113,127)(H,114,128)(H,115,129)(H,116,134)(H,117,124)(H,118,136)(H,119,135)/t59-,60-,73+,74+,75+,76+,77-,78-,79-,80-,82-,83+,84+,85-/m0/s1",0,0,0,16,8,0,8,0,0,0,15,0,3,4,0,0,0,0,0,12,6,15,0,16,4,0,0,0,2,10,8,0,1,1,16,10,0,0,0,8,0,16,1,0,4,4,0,0,0,0,1,0,21,2,16,4,3,1,17,18,20,0,0,4,17,1,0,18,0,20,0,3,16,11,33,1,32,17,18,20,36,4,17,36,1,8,8,8,40,0,0,0,16,1,14,8,0,0,8,8,40,8,99,17,54,32,1,16,46,8,36,1,0,15,0,8,8,0,24,0,8,8,40,0,1,8,0,0,8,1,0,0,20,0,32,16,0,0,45,0,45,0,0,1,8,1,1,1,1,0,0,8,1,1,1,0,1,0,0,0,0,1,24,8,42,0,24,30,16,1,30,15,16,8,0,0,0,0,16,0,0,0,1,0,14,28,37,8,1,1,40,27,30,15,30,0,0,0,0,0,0,0,0,0,0,0,0,0,0,1,1,0,0,0,0,0,0,0,4,0,0,0,4,4,8,4,0,12,0,0,0,0,0,12,4,0,0,8,8,8,16,16,0,0,15,0,0,4,4,0,0,0,0,0,0,0,0,0,0,8,8,0,0,0,0,0,0,4,4,0,0,13,14,4,15,14,0,0,0,0,0,0,0,0,0,0,0,0,0,8,8,0,15,8,0,0,0,0,8,0,0,0,4,42,8,0,0,0,0,0,15,15,4,14,0,1,1,0,15,20,0,0,22,1,16,0,12,0,11,0,0,0,8,0,15,4,0,0,0,0,0,18,0,0,0,18,4,4,0,0,0,0,0,0,0,0,0,0,1,0,0,0,0,0,0,0,0,4,4,0,4,0,0,0,0,8,8,0,0,0,0,4,16,0,0,0,0,0,2,0,0,0,0,0,0,1,0,1,0,0,0,0,0,0,0,0,13,0,0,0,0,0,0,0,0,0,0,0,0,0,0,0,0,0,0,0,0,0,0,0,0,0,0,0,0,0,0,0,0,0,0,0,0,0,0,0,0,0,0,0,0,0,0,0,0,0,0,0,14,0,0,0,0,0,0,0,0,0,1,0,0,0,0,0,0,0,0,0,0,0,1,1,0,0,0,0,0,0,0,0,0,0,0,0,0,1,1,0,0,0,0,0,0,0,0,0,0,0,0,0,0,0,0,0,0,0,0,0,0,0,0,0,16,8,99,17,86,17,90,16,0,80,14,0,72,16,40,64,0,0,20,40,20,0,57,57,0,16,0,0,0,16,0,0,0,0,0,0,0,0,48,0,36,0,50,60,0,42,0,15,16,15,16,8,27,4,0,14,15,16,15,16,15,16,36,50,30,0,30,26,65,44,42,60,52,15,0,0,0,0,0,0,0,0,0,0,0,0,0,0,0,0,0,0,0,0,0,0,0,0,0,0,0,0,0,0,0,4,8,14,0,0,0
"InChI=1S/C62H86N12O16/c1-27(2)42-59(84)73-23-17-19-36(73)57(82)69(13)25-38(75)71(15)48(29(5)6)61(86)88-33(11)44(55(80)65-42)67-53(78)35-22-21-31(9)51-46(35)64-47-40(41(63)50(77)32(10)52(47)90-51)54(79)68-45-34(12)89-62(87)49(30(7)8)72(16)39(76)26-70(14)58(83)37-20-18-24-74(37)60(85)43(28(3)4)66-56(45)81/h21-22,27-30,33-34,36-37,42-45,48-49H,17-20,23-26,63H2,1-16H3,(H,65,80)(H,66,81)(H,67,78)(H,68,79)/t33-,34-,36+,37+,42-,43-,44+,45+,48+,49+/m1/s1",0,0,1,2,2,0,4,8,0,0,8,4,0,2,1,6,2,0,3,0,2,10,4,17,2,5,1,0,4,0,8,0,2,0,10,6,0,2,0,2,2,10,4,0,12,9,6,2,0,22,2,0,5,2,13,12,4,0,16,16,12,22,5,3,16,4,6,16,17,5,5,4,13,0,21,4,27,16,16,12,14,3,16,52,1,0,0,4,6,5,0,2,13,1,10,0,0,2,0,4,6,0,62,16,40,6,6,13,30,4,6,7,2,14,2,0,4,0,16,5,0,4,6,2,1,0,0,2,0,4,5,0,12,2,28,22,3,6,31,0,48,7,0,6,2,1,1,1,1,2,0,2,1,1,1,0,1,0,0,6,4,1,19,4,26,1,14,26,14,4,20,11,16,4,1,1,2,0,10,0,4,2,4,2,9,24,24,6,1,2,30,21,22,8,33,0,0,0,0,0,0,0,0,0,0,0,0,1,4,1,1,0,0,0,0,1,1,0,0,0,0,0,0,0,0,0,0,0,0,0,0,0,0,0,0,0,0,0,0,0,0,0,0,2,16,0,2,0,0,0,0,0,0,0,0,0,0,0,0,0,0,0,0,0,0,0,0,0,0,0,0,9,12,0,10,8,0,0,0,0,0,0,0,0,0,0,0,0,0,0,0,0,22,0,0,0,0,0,0,0,0,0,0,40,0,0,0,0,0,0,8,14,0,6,0,1,1,0,2,2,0,0,4,0,13,0,20,0,0,0,0,0,2,0,2,0,0,0,0,0,0,16,0,0,0,8,0,0,0,0,10,11,2,8,0,0,0,0,0,1,6,2,1,2,2,0,0,0,0,0,2,0,0,0,0,0,0,0,0,0,0,0,2,0,0,0,0,0,0,0,0,0,0,0,0,0,0,0,0,0,0,0,0,0,0,0,0,0,0,0,0,0,0,0,0,0,0,0,0,0,0,0,0,0,0,0,0,0,0,0,0,0,0,0,0,0,0,0,0,0,0,0,0,0,0,0,0,0,0,0,0,0,0,0,0,0,0,0,0,0,0,0,0,0,0,0,0,0,0,0,0,0,0,0,0,0,0,0,0,0,0,0,0,0,0,0,0,0,0,0,0,0,0,0,0,0,0,0,0,0,0,0,0,0,0,0,0,0,0,0,0,0,0,0,0,0,0,0,0,0,0,0,12,17,62,16,48,19,46,24,2,34,25,0,22,29,8,24,3,4,12,29,23,3,36,52,10,17,8,10,3,24,0,11,20,4,18,10,3,1,14,7,17,0,33,25,0,26,4,20,14,8,14,3,24,2,8,22,10,4,14,10,8,16,28,42,26,5,20,21,42,14,40,48,28,22,0,0,0,0,0,0,0,0,0,0,0,5,6,0,12,0,0,0,0,4,0,2,0,0,0,0,0,0,0,0,0,0,0,6,0,0,0
"InChI=1S/C62H111N11O12/c1-25-27-28-40(15)52(75)51-56(79)65-43(26-2)58(81)67(18)33-48(74)68(19)44(29-34(3)4)55(78)66-49(38(11)12)61(84)69(20)45(30-35(5)6)54(77)63-41(16)53(76)64-42(17)57(80)70(21)46(31-36(7)8)59(82)71(22)47(32-37(9)10)60(83)72(23)50(39(13)14)62(85)73(51)24/h25,27,34-47,49-52,75H,26,28-33H2,1-24H3,(H,63,77)(H,64,76)(H,65,79)(H,66,78)/b27-25+/t40-,41+,42-,43+,44+,45+,46+,47+,49+,50+,51+,52-/m1/s1",0,0,1,1,0,0,6,14,0,0,11,0,0,0,0,7,1,0,1,3,1,11,7,12,0,1,0,1,1,1,0,0,3,0,11,6,0,0,1,10,6,11,0,0,11,11,7,0,0,22,2,0,5,1,11,11,1,1,12,24,11,22,0,0,12,0,7,24,23,4,1,1,11,6,21,1,29,12,24,11,0,0,12,33,1,0,0,0,0,3,0,0,10,1,10,0,0,0,0,0,0,0,62,12,43,0,1,11,38,0,0,2,0,11,0,0,0,0,22,1,0,0,0,0,1,0,0,0,0,1,0,0,11,1,29,25,0,2,32,1,52,0,0,2,11,1,1,1,1,1,0,10,0,0,0,1,0,0,0,0,0,1,37,11,32,0,20,36,10,1,21,11,18,10,0,0,0,0,11,0,2,1,1,1,9,21,29,16,1,1,29,20,20,11,33,0,0,0,0,0,0,0,0,0,0,0,0,0,1,1,1,0,0,0,0,0,0,0,0,0,0,0,0,0,0,0,0,0,0,0,0,0,0,0,0,0,0,0,0,0,0,0,1,0,18,0,0,0,0,0,0,0,0,0,0,0,0,0,0,0,0,0,0,0,0,0,0,0,0,0,0,10,11,0,11,11,0,0,0,0,0,0,0,0,0,0,0,0,0,0,0,0,29,0,0,0,0,0,0,0,0,0,0,53,0,0,0,0,0,0,11,18,0,11,0,1,1,0,0,0,0,0,8,1,11,0,11,0,6,0,0,0,0,0,0,0,1,0,0,0,1,24,0,0,0,13,0,4,0,0,10,11,0,1,0,0,0,0,0,0,7,0,0,0,0,0,0,0,0,0,4,0,0,0,0,0,0,0,0,0,0,0,0,0,0,0,0,0,0,0,0,0,0,0,0,0,0,0,0,0,0,0,0,0,0,0,0,0,0,0,0,0,0,0,0,0,0,0,0,0,0,0,0,0,0,0,0,0,0,0,0,0,0,0,0,0,0,0,0,0,0,0,0,0,0,0,0,0,0,0,0,0,0,0,0,0,0,0,0,0,0,0,0,0,0,0,0,0,0,0,0,0,0,0,0,0,0,0,0,0,0,0,0,0,0,0,0,0,0,0,0,0,0,0,0,0,0,0,0,0,0,0,0,0,0,0,0,0,0,0,0,0,0,0,0,0,0,0,0,0,0,0,11,2,62,12,44,12,40,13,0,24,13,0,14,11,2,4,0,0,11,29,25,0,32,52,0,12,0,0,1,20,0,0,0,0,0,0,0,0,11,0,2,0,20,20,0,32,1,12,10,11,12,0,20,0,2,11,12,10,18,11,11,18,21,33,36,1,21,9,29,16,53,29,37,29,0,0,0,0,0,0,0,0,0,0,0,0,0,0,0,0,0,0,0,0,0,0,0,0,0,0,0,0,0,0,0,0,0,11,0,0,0
