inchi,maccs_53,maccs_54,maccs_57,maccs_62,maccs_65,maccs_66,maccs_72,maccs_74,maccs_75,maccs_77,maccs_78,maccs_79,maccs_80,maccs_81,maccs_82,maccs_83,maccs_84,maccs_85,maccs_86,maccs_87,maccs_88,maccs_89,maccs_90,maccs_91,maccs_92,maccs_93,maccs_94,maccs_95,maccs_96,maccs_97,maccs_98,maccs_99,maccs_100,maccs_102,maccs_104,maccs_105,maccs_106,maccs_107,maccs_108,maccs_109,maccs_110,maccs_111,maccs_112,maccs_113,maccs_114,maccs_115,maccs_116,maccs_117,maccs_118,maccs_119,maccs_120,maccs_121,maccs_122,maccs_123,maccs_124,maccs_126,maccs_127,maccs_128,maccs_129,maccs_130,maccs_131,maccs_132,maccs_133,maccs_134,maccs_135,maccs_136,maccs_137,maccs_138,maccs_139,maccs_140,maccs_141,maccs_142,maccs_143,maccs_144,maccs_145,maccs_146,maccs_147,maccs_148,maccs_149,maccs_150,maccs_151,maccs_152,maccs_153,maccs_154,maccs_155,maccs_156,maccs_157,maccs_158,maccs_159,maccs_160,maccs_161,maccs_162,maccs_163,maccs_164,maccs_165,-1873263708,-1240549133,67,78,79,83,65849,66345,76916,77381,63759007,73917738,74364603,74365110,685275285,1445324489,-2064996119,-1873263707,-1779215532,-1779215129,-606609230,66252,76420,76823,63282351,63292922,63669634,63670037,63680608,73441082,73828768,694957360,1057364875,1057365278,1067524009,1445324490,1857404528,2134093542,-1550059087,-1550059076,-1550059075,-1550058684,-1549571860,-1368075617,-1091982100,-460673496,-428753699,-428753296,-325596303,77877,63769578,73441485,74841259,74841270,284944422,695434016,746870578,746881138,747258253,855644566,971646374,1056988163,1153023776,1215095714,1445324491,1445324492,1744263644,1857792214,1935676255,-1432547459,-1091992268,-293967537,74841271,2006395782,746870579,63293883,-2130472164,-2014938020,-1853445985,-1740642266,-1663199971,-1273370073,381411743,392493983,483077917,483089449,494160169,684798629,695880881,746870567,746882099,961487643,972569895,-1779602815,-1549671804,-1549671401,-619386996,-618999310,-429140982,74365006,284557139,1056977592,1119437216,2037342038,2037342441,81225,-1432458489,-1091992175,-1240549132,-1550047555,74364615,-1091992660,-2140699526,-1873263706,-1873263705,-1779591283,-1608147967,-1549671792,-1272982790,-1240549131,-1218318069,-801319945,-790237693,-618999713,-481299309,-429129450,-392719481,-87621824,-76539572,284568671,357040669,381411731,571657745,758031735,1056989124,1119436813,1142865045,1419554059,1722408961,2143185518,-1432935145,-1091992671,-1848232061,1633829133,-1853445973,-618999701,1119436825,-607336557,483077929,-1091981139,2143197050,-964879417,-801752141,-636984940,-507103631,-289109509,369386629,1163511423,1776828876,-1978583541,-1391505150,-1317393583,423552486,1413433893,1477987342,-1006701866,-513573682,790592664,957663557,1627608083,1892960349,-11147740,519008602,2130908821,-1771811752,-160203532,171935693,1172880295,2101068825,-1812822688,-1416132094,134489603,-868007456,-554489181,-1027418143,1187172105,229166175,598483088,1323701668,-1951192287,140710659,1330536927,1978230478,251809297,67,78,79,83,2144,2485,2516,66531,77102,78063,78074,2062528,2390229,2420020,74097166,75020687,75020698,75020699,-1997955083,-1997954742,-1997627382,-1968998231,-1807054791,66872,77113,2073099,2390240,2390570,2420361,63938435,63949006,64266136,74097177,74097507,74107737,75031258,1315623736,1630216696,1982419253,1992250283,-1969325932,-1969325921,-1969325591,-1969315361,-1968998219,-1807065362,-919561681,-919561670,-919561669,-919561340,-919551110,-919233980,-909402950,2420031,2420032,75021028,1315296035,1325454766,1982091552,78075,1630217037,66903,64266477,1992260854,-1969325560,-1969314400,-1796906631,-919550149,-919204189,2074060,63949967,64295927,75021059,1630544397,1982449044,-1997944512,1630227267,1992250624,2640,81907,2420392,-1968968440,75032219,-1806737661,-919204177,1315653527,1326378287,1658845847,1993173804,-1969325920,-919561309,-1968968428,-908479429,-908479417
"InChI=1S/C66H75Cl2N9O24/c1-23(2)12-34(71-5)58(88)76-49-51(83)26-7-10-38(32(67)14-26)97-40-16-28-17-41(55(40)101-65-56(54(86)53(85)42(22-78)99-65)100-44-21-66(4,70)57(87)24(3)96-44)98-39-11-8-27(15-33(39)68)52(84)50-63(93)75-48(64(94)95)31-18-29(79)19-37(81)45(31)30-13-25(6-9-36(30)80)46(60(90)77-50)74-61(91)47(28)73-59(89)35(20-43(69)82)72-62(49)92/h6-11,13-19,23-24,34-35,42,44,46-54,56-57,65,71,78-81,83-87H,12,20-22,70H2,1-5H3,(H2,69,82)(H,72,92)(H,73,89)(H,74,91)(H,75,93)(H,76,88)(H,77,90)(H,94,95)/t24-,34+,35-,42+,44-,46+,47+,48?,49+,50-,51+,52+,53+,54-,56+,57+,65-,66-/m0/s1",5,11,4,0,0,1,9,1,0,0,0,6,1,0,1,0,2,0,0,4,0,9,4,1,7,1,0,11,0,6,2,0,0,0,4,14,0,2,2,1,7,4,1,16,0,3,1,7,0,0,9,5,0,3,0,2,34,0,0,0,19,4,4,2,0,8,9,1,10,24,5,9,34,7,7,24,0,0,5,10,9,16,1,8,3,17,22,16,24,5,9,30,7,24,62,1,1,66,9,24,0,32,0,0,22,0,0,22,0,0,1,0,1,14,30,0,30,16,0,24,7,14,30,0,24,0,20,14,30,0,1,13,10,18,4,7,4,0,0,6,0,14,30,0,8,0,0,8,7,14,0,5,3,4,4,12,0,0,0,1,1,15,0,4,0,0,0,1,0,5,6,6,2,7,8,9,7,3,4,8,4,8,14,10,14,8,7,6,10,2,16,8,16,10,16,10,10,16,10,16,0,0,0,1,4,2,7,2,1,1,10,0,2,0,1,0,4,2,4,3,10,0,4,2,10,10,5,2,0,10,4,0,0,0,4,5,8,0,2,2,2,2,10,6,0,0,13,5,0,10,8,22,3,4,0,0,0,0,6,1,3,2,3,1,3,1,0,2,5,16,5,2,5,1,2,7,2,2,1,0,0,0,0,0,2,0,0,2,0,66,9,24,0,62,16,30,68,24,46,7,73,19,48,23,55,6,9,23,1,0,9,1,7,0,20,6,0,6,77,12,16,1,12,0,12,9,23,21,21,63,6,3,9,9,23,64,7,15,5,5,9,11,11,9,10,54,27,79,3,0,6,0,0,6,16,0,10,15,20,16,17,12,0,29,17,17,6,0,0,4,5,8,14,4,11,34,21,22,8,6,8,6,2
"InChI=1S/C46H65N15O12S2/c47-27-22-74-75-23-33(45(73)61-17-5-9-34(61)44(72)56-28(8-4-16-53-46(51)52)39(67)54-21-37(50)65)60-43(71)32(20-36(49)64)59-40(68)29(14-15-35(48)63)55-41(69)31(18-24-6-2-1-3-7-24)58-42(70)30(57-38(27)66)19-25-10-12-26(62)13-11-25/h1-3,6-7,10-13,27-34,62H,4-5,8-9,14-23,47H2,(H2,48,63)(H2,49,64)(H2,50,65)(H,54,67)(H,55,69)(H,56,72)(H,57,66)(H,58,70)(H,59,68)(H,60,71)(H4,51,52,53)/t27-,28-,29-,30?,31-,32?,33-,34-/m0/s1",1,7,0,0,0,0,0,0,2,3,1,9,1,0,1,1,6,1,0,0,2,0,12,9,11,0,0,9,1,1,0,0,3,0,10,0,1,0,0,0,11,13,0,2,0,0,0,11,5,1,8,6,1,0,1,0,12,2,1,1,14,3,2,0,0,11,8,5,1,12,0,15,12,0,2,12,5,1,0,6,13,1,5,11,9,20,1,24,12,0,15,12,2,12,37,1,1,46,15,12,2,26,0,1,1,0,0,0,0,0,1,0,1,4,12,0,12,24,0,17,10,4,12,0,30,0,28,4,12,0,1,18,18,0,0,0,0,0,0,9,0,4,12,0,11,1,0,11,11,4,0,0,0,0,0,18,0,1,0,1,1,24,0,0,0,0,0,0,0,0,0,10,6,0,13,0,0,0,0,0,0,0,9,0,0,0,3,0,4,0,2,2,2,4,2,4,4,2,2,2,2,0,0,0,0,0,9,0,1,1,0,0,0,0,0,0,4,0,0,0,0,0,4,0,0,0,0,0,0,0,0,0,0,0,4,8,10,0,4,0,0,0,0,0,0,0,9,0,0,1,11,8,1,0,1,1,0,3,6,5,6,1,9,0,7,0,0,0,5,7,5,0,0,0,0,0,2,6,1,0,1,2,1,1,0,1,0,0,1,46,15,12,2,38,25,12,33,30,13,11,29,18,12,17,10,1,0,14,1,2,7,1,11,3,29,9,2,9,27,18,19,1,18,2,16,7,13,24,15,12,3,1,9,8,8,8,4,1,2,1,9,8,9,0,9,12,19,24,0,0,0,0,0,0,0,2,0,0,0,0,0,0,0,0,25,25,9,2,2,0,0,0,16,0,0,0,0,0,1,0,0,0,0
"InChI=1S/C39H54N10O14S/c1-4-16(2)31-36(60)42-11-29(55)43-25-15-64(63)38-21(20-6-5-18(51)7-22(20)46-38)9-23(33(57)41-12-30(56)47-31)44-37(61)32(17(3)27(53)14-50)48-35(59)26-8-19(52)13-49(26)39(62)24(10-28(40)54)45-34(25)58/h5-7,16-17,19,23-27,31-32,46,50-53H,4,8-15H2,1-3H3,(H2,40,54)(H,41,57)(H,42,60)(H,43,55)(H,44,61)(H,45,58)(H,47,56)(H,48,59)/t16?,17-,19+,23-,24-,25-,26-,27-,31-,32-,64?/m0/s1",3,7,0,0,2,0,1,0,0,0,0,8,1,1,3,2,1,1,0,0,1,0,6,7,9,0,0,10,2,5,0,0,3,1,9,8,0,0,0,1,9,7,0,2,1,1,1,9,0,0,10,9,1,0,1,0,22,4,0,1,13,7,0,0,0,10,10,5,4,14,3,10,22,1,1,14,0,2,3,3,9,3,5,9,3,17,4,18,14,3,10,9,1,14,39,1,1,39,10,14,1,24,0,0,4,0,0,5,0,0,1,4,1,2,10,4,8,18,2,18,10,2,9,1,24,3,27,2,10,3,1,15,17,4,1,1,0,0,0,9,0,2,10,0,9,0,0,9,9,2,0,2,2,0,0,17,0,0,0,1,1,20,0,0,0,0,0,0,0,0,0,12,4,0,12,0,0,0,0,1,0,0,12,0,4,0,3,0,2,0,2,0,4,2,2,2,2,2,0,4,2,0,0,1,0,0,8,0,1,1,0,0,0,0,1,0,2,0,2,0,0,0,2,0,0,0,0,0,0,0,0,0,0,0,2,8,7,0,3,0,0,0,0,0,0,0,3,3,0,4,10,13,1,0,1,0,0,0,2,6,1,3,3,1,1,0,0,0,8,7,8,0,1,0,0,1,0,1,1,1,0,0,0,0,2,0,0,0,0,39,10,14,1,32,20,13,29,27,16,9,26,20,13,21,14,4,0,14,1,0,8,1,11,0,30,8,0,9,19,19,22,1,18,0,15,9,13,25,19,10,5,5,12,9,9,8,4,1,5,4,8,6,9,1,11,10,23,16,0,0,0,0,0,0,0,0,0,0,0,0,0,0,0,0,24,27,10,2,2,0,0,0,15,0,0,0,0,0,3,0,0,0,0
"InChI=1S/C66H103N17O16S/c1-9-35(6)52(69)66-81-48(32-100-66)63(97)76-43(26-34(4)5)59(93)74-42(22-23-50(85)86)58(92)83-53(36(7)10-2)64(98)75-40-20-15-16-25-71-55(89)46(29-49(68)84)78-62(96)47(30-51(87)88)79-61(95)45(28-39-31-70-33-72-39)77-60(94)44(27-38-18-13-12-14-19-38)80-65(99)54(37(8)11-3)82-57(91)41(21-17-24-67)73-56(40)90/h12-14,18-19,31,33-37,40-48,52-54H,9-11,15-17,20-30,32,67,69H2,1-8H3,(H2,68,84)(H,70,72)(H,71,89)(H,73,90)(H,74,93)(H,75,98)(H,76,97)(H,77,94)(H,78,96)(H,79,95)(H,80,99)(H,82,91)(H,83,92)(H,85,86)(H,87,88)/t35-,36-,37-,40-,41+,42+,43-,44+,45-,46-,47+,48-,52-,53-,54-/m0/s1",3,10,0,0,4,0,0,1,0,1,1,13,2,1,2,2,3,0,0,0,1,0,18,10,12,0,0,11,2,3,0,0,2,0,14,0,0,0,0,0,12,13,0,0,3,5,0,12,6,1,11,10,0,2,0,0,14,1,1,0,17,5,2,0,0,14,11,3,2,16,8,17,14,0,1,16,6,0,8,7,15,0,3,14,13,26,2,26,16,8,17,11,1,16,41,1,1,66,17,16,1,47,0,1,2,0,1,2,0,0,1,0,1,2,6,0,7,26,4,39,11,3,6,2,38,2,32,2,6,2,1,28,24,2,0,0,0,0,0,11,0,2,6,0,14,1,0,14,12,2,1,1,0,0,0,21,0,2,0,1,1,34,0,0,0,0,0,2,0,0,0,20,10,0,23,0,0,0,0,1,0,0,26,0,2,0,9,0,2,0,0,0,0,2,0,2,3,0,0,0,2,0,0,0,0,0,11,0,1,1,0,0,0,0,0,0,2,0,0,0,0,0,2,0,0,0,0,1,0,0,0,0,0,0,3,15,14,1,8,0,0,0,0,0,0,0,7,8,2,2,14,10,0,0,0,0,0,3,2,5,7,8,13,0,7,2,0,0,8,8,7,0,0,0,0,0,4,3,0,3,1,2,1,1,5,1,2,0,1,66,17,16,1,54,31,16,48,42,16,12,37,31,16,30,17,3,0,17,3,2,13,2,14,1,38,13,2,11,22,23,27,2,25,3,21,13,16,36,27,12,7,3,11,10,6,3,4,2,6,3,11,11,11,0,11,6,38,13,2,1,0,1,1,0,0,2,0,0,0,0,0,0,1,0,34,32,11,2,2,0,0,0,24,0,0,0,0,0,3,0,0,0,0
"InChI=1S/C72H101N17O26/c1-5-6-7-8-9-10-11-22-53(93)81-44(25-38-31-76-42-20-15-13-17-39(38)42)66(108)84-45(27-52(75)92)67(109)86-48(30-59(102)103)68(110)89-61-37(4)115-72(114)49(26-51(91)40-18-12-14-19-41(40)74)87-71(113)60(35(2)24-56(96)97)88-69(111)50(34-90)82-55(95)32-77-63(105)46(28-57(98)99)83-62(104)36(3)79-65(107)47(29-58(100)101)85-64(106)43(21-16-23-73)80-54(94)33-78-70(61)112/h12-15,17-20,31,35-37,43-50,60-61,76,90H,5-11,16,21-30,32-34,73-74H2,1-4H3,(H2,75,92)(H,77,105)(H,78,112)(H,79,107)(H,80,94)(H,81,93)(H,82,95)(H,83,104)(H,84,108)(H,85,106)(H,86,109)(H,87,113)(H,88,111)(H,89,110)(H,96,97)(H,98,99)(H,100,101)(H,102,103)/t35-,36-,37-,43-,44+,45-,46+,47+,48+,49+,50-,60+,61+/m1/s1",5,13,1,0,2,0,0,0,0,0,0,12,1,0,4,1,3,0,0,0,0,2,12,8,14,0,0,16,1,11,0,0,3,0,17,2,0,0,1,1,14,13,0,0,1,2,1,14,9,0,11,10,0,5,0,0,20,8,5,0,22,13,4,0,2,20,11,4,5,26,4,17,20,1,2,26,9,0,4,10,17,2,4,20,19,27,7,29,26,4,17,15,2,26,46,1,1,72,17,26,0,46,0,0,7,0,0,8,0,0,1,4,1,4,16,4,14,29,2,33,13,4,15,1,39,3,37,4,16,3,1,23,21,7,3,0,0,0,2,13,2,4,16,2,20,0,2,21,14,4,0,5,3,0,0,24,0,0,0,1,1,30,2,0,2,2,2,5,2,0,1,13,4,0,15,3,2,0,0,2,0,0,21,3,6,0,9,2,4,0,0,0,0,4,0,4,4,0,0,0,0,0,0,1,0,0,13,0,1,1,0,0,0,0,0,0,4,0,0,1,0,4,4,0,0,1,0,5,0,0,0,0,0,0,4,18,18,1,5,0,0,0,2,0,1,0,9,4,0,5,20,15,0,1,0,0,0,4,4,2,10,4,19,1,10,4,0,0,10,9,10,0,0,0,0,0,4,3,0,1,7,4,0,0,1,0,4,0,1,72,17,26,0,60,31,27,52,44,29,14,45,31,27,27,26,11,2,19,1,0,10,1,14,0,40,12,0,13,37,26,26,1,24,0,24,12,14,35,20,11,10,10,16,16,15,9,4,2,9,11,13,5,16,0,16,22,28,35,5,0,1,0,0,1,0,0,1,0,3,2,2,0,0,3,34,34,12,0,0,1,1,2,19,0,1,2,1,1,9,1,0,0,1
"InChI=1S/C27H41NO6S/c1-15-9-8-10-27(7)22(34-27)12-20(16(2)11-19-14-35-18(4)28-19)33-23(30)13-21(29)26(5,6)25(32)17(3)24(15)31/h11,14-15,17,20-22,24,29,31H,8-10,12-13H2,1-7H3/b16-11+/t15-,17+,20-,21-,22-,24?,27+/m0/s1",0,0,2,0,2,2,0,1,0,0,0,0,0,1,0,1,0,0,0,0,1,5,1,1,0,0,0,0,1,0,0,1,0,0,1,2,0,0,4,0,0,0,2,0,0,2,6,0,2,0,4,1,0,1,0,0,8,3,1,0,2,6,0,0,0,2,4,0,2,6,7,1,8,0,0,6,2,0,7,7,0,8,0,2,0,2,6,0,6,7,1,5,0,6,22,1,1,27,1,6,1,23,1,0,6,3,0,12,0,2,1,0,1,0,0,0,1,0,2,26,0,1,0,1,0,1,0,0,0,1,1,0,0,16,0,0,0,0,0,0,0,0,0,0,2,0,0,3,0,0,0,0,0,0,0,0,0,0,0,1,1,0,0,0,0,0,0,1,0,2,2,0,0,0,0,7,5,1,5,15,3,0,24,6,9,0,26,4,0,0,0,0,0,0,0,0,0,0,0,0,0,0,0,1,0,0,0,0,1,0,0,1,0,0,0,1,0,0,0,7,0,22,0,0,0,4,9,20,1,0,0,1,1,1,0,3,6,2,6,0,0,0,6,1,1,0,1,7,1,2,2,4,0,2,0,0,1,0,0,5,0,0,0,0,1,0,0,0,0,6,2,0,2,2,0,0,0,0,0,0,0,0,0,0,0,1,0,1,0,27,1,6,1,25,2,8,30,3,15,0,28,1,23,2,13,0,5,1,0,0,0,0,1,0,3,0,0,0,30,2,1,0,0,0,0,0,1,1,2,23,1,0,0,0,1,13,0,3,1,0,0,0,0,0,0,26,2,23,1,0,2,0,0,3,0,0,5,0,6,4,6,0,0,8,0,0,0,2,2,1,3,2,0,0,4,7,9,5,1,1,0,2,1
"InChI=1S/C99H140N20O17/c1-51(2)37-73(109-86(123)59(17)107-81(122)49-105-96(133)82(55(9)10)106-50-121)89(126)108-60(18)87(124)117-84(57(13)14)98(135)119-85(58(15)16)99(136)118-83(56(11)12)97(134)116-80(44-64-48-104-72-34-26-22-30-68(64)72)95(132)112-76(40-54(7)8)92(129)115-79(43-63-47-103-71-33-25-21-29-67(63)71)94(131)111-75(39-53(5)6)91(128)114-78(42-62-46-102-70-32-24-20-28-66(62)70)93(130)110-74(38-52(3)4)90(127)113-77(88(125)100-35-36-120)41-61-45-101-69-31-23-19-27-65(61)69/h19-34,45-48,50-60,73-80,82-85,101-104,120H,35-44,49H2,1-18H3,(H,100,125)(H,105,133)(H,106,121)(H,107,122)(H,108,126)(H,109,123)(H,110,130)(H,111,131)(H,112,132)(H,113,127)(H,114,128)(H,115,129)(H,116,134)(H,117,124)(H,118,136)(H,119,135)/t59-,60-,73+,74+,75+,76+,77-,78-,79-,80-,82-,83+,84+,85-/m0/s1",0,16,0,0,8,0,0,8,0,0,0,15,0,0,3,4,0,0,0,0,0,0,12,6,15,0,0,16,4,0,0,0,2,0,10,8,0,0,1,1,16,10,0,0,0,8,0,16,1,0,4,4,0,0,0,0,0,1,0,0,21,2,0,0,0,16,4,3,1,17,18,20,0,0,4,17,1,0,18,0,20,0,3,16,11,33,1,32,17,18,20,36,4,17,36,1,1,99,20,17,0,54,0,0,1,0,0,1,0,0,1,16,1,8,40,16,32,32,8,46,16,8,36,4,45,12,45,8,40,12,1,30,30,0,1,0,0,0,0,16,0,8,40,0,16,0,0,15,16,8,0,0,1,0,0,28,0,0,0,1,1,40,0,0,0,0,0,0,0,0,0,24,8,0,24,0,0,0,0,0,0,0,24,0,0,0,8,0,8,0,0,0,0,8,0,8,8,0,0,0,0,0,0,1,0,0,15,0,1,1,0,0,0,0,0,0,8,0,0,0,0,0,8,0,0,0,0,0,0,0,0,0,0,0,8,16,14,0,8,0,0,0,0,0,0,0,20,18,0,1,16,12,0,0,0,0,1,8,8,0,15,22,11,1,15,0,0,0,4,0,0,0,0,0,0,0,16,0,0,0,0,8,0,0,18,0,0,0,0,99,20,17,0,86,40,17,90,57,16,16,80,50,14,60,16,0,0,48,0,0,16,0,20,0,57,15,0,16,72,36,50,0,30,0,30,26,44,60,52,16,0,0,15,16,36,8,4,0,0,0,14,16,16,0,16,40,65,64,0,0,0,0,0,0,0,0,0,0,0,0,0,0,0,0,42,42,15,0,0,0,0,0,27,0,0,0,0,0,0,0,0,0,0
"InChI=1S/C62H86N12O16/c1-27(2)42-59(84)73-23-17-19-36(73)57(82)69(13)25-38(75)71(15)48(29(5)6)61(86)88-33(11)44(55(80)65-42)67-53(78)35-22-21-31(9)51-46(35)64-47-40(41(63)50(77)32(10)52(47)90-51)54(79)68-45-34(12)89-62(87)49(30(7)8)72(16)39(76)26-70(14)58(83)37-20-18-24-74(37)60(85)43(28(3)4)66-56(45)81/h21-22,27-30,33-34,36-37,42-45,48-49H,17-20,23-26,63H2,1-16H3,(H,65,80)(H,66,81)(H,67,78)(H,68,79)/t33-,34-,36+,37+,42-,43-,44+,45+,48+,49+/m1/s1",1,2,3,0,2,0,0,4,8,0,0,8,4,0,0,2,1,6,2,0,0,3,0,2,10,4,0,17,2,5,1,0,4,0,0,8,0,0,2,0,10,6,0,2,0,2,2,10,4,0,12,9,6,2,0,0,22,2,0,0,5,2,6,0,2,13,12,4,0,16,16,12,22,5,3,16,4,6,16,17,5,5,4,13,0,21,4,27,16,16,12,14,3,16,52,1,1,62,12,16,0,40,2,1,6,6,2,7,0,4,1,0,1,4,6,0,6,28,0,30,22,4,6,0,31,0,48,4,6,0,1,22,33,5,4,0,0,0,2,16,2,4,6,2,13,1,2,14,10,4,2,2,6,0,0,24,0,0,0,1,1,30,2,0,2,2,2,2,2,0,3,19,4,0,14,6,5,0,0,0,0,0,16,7,5,0,2,4,0,1,2,0,2,0,2,0,0,2,0,2,0,4,3,1,0,0,11,2,1,1,2,4,0,1,1,2,0,2,1,0,2,0,0,2,2,5,0,0,0,2,1,4,6,0,0,13,10,0,2,0,0,0,8,0,2,0,2,16,1,0,13,20,0,3,6,0,0,0,2,8,2,4,0,0,2,0,0,0,2,10,11,0,0,0,0,0,2,1,0,0,0,0,0,0,8,2,0,0,0,62,12,16,0,48,29,19,46,36,24,10,34,33,25,25,29,5,3,14,6,0,14,12,23,0,52,8,0,16,22,28,42,4,26,0,20,21,14,48,28,12,7,4,20,14,17,17,2,1,5,8,22,4,17,0,24,8,42,24,2,2,3,0,0,3,0,0,4,0,10,8,10,0,0,18,26,40,22,0,0,2,2,4,24,0,11,20,4,10,3,2,0,0,2
"InChI=1S/C62H111N11O12/c1-25-27-28-40(15)52(75)51-56(79)65-43(26-2)58(81)67(18)33-48(74)68(19)44(29-34(3)4)55(78)66-49(38(11)12)61(84)69(20)45(30-35(5)6)54(77)63-41(16)53(76)64-42(17)57(80)70(21)46(31-36(7)8)59(82)71(22)47(32-37(9)10)60(83)72(23)50(39(13)14)62(85)73(51)24/h25,27,34-47,49-52,75H,26,28-33H2,1-24H3,(H,63,77)(H,64,76)(H,65,79)(H,66,78)/b27-25+/t40-,41+,42-,43+,44+,45+,46+,47+,49+,50+,51+,52-/m1/s1",1,1,0,0,0,0,0,6,14,0,0,11,0,0,0,0,0,7,1,0,0,1,3,1,11,7,0,12,0,1,0,1,1,0,1,0,0,0,3,0,11,6,0,0,1,10,6,11,0,0,11,11,7,0,0,0,22,2,0,0,5,1,0,0,0,11,11,1,1,12,24,11,22,0,0,12,0,7,24,23,4,1,1,11,6,21,1,29,12,24,11,0,0,12,33,1,1,62,11,12,0,43,1,0,1,2,0,2,0,1,1,0,0,0,0,0,0,29,0,38,25,0,0,0,32,0,52,0,0,0,1,20,33,3,1,0,0,0,0,18,0,0,0,0,11,0,0,11,11,0,0,1,2,0,0,21,0,0,0,1,1,29,0,0,0,0,0,0,0,0,0,37,11,0,20,0,0,0,0,0,0,0,22,0,1,0,11,0,0,0,0,0,0,0,0,0,0,0,0,0,0,0,0,0,0,0,11,0,0,0,0,2,0,0,0,2,0,0,0,0,0,0,0,0,0,0,0,1,1,0,0,1,1,1,0,10,10,1,10,0,0,0,0,0,0,0,0,24,0,1,11,11,0,0,7,0,2,0,0,1,0,8,6,0,0,0,0,0,4,10,11,0,0,0,0,0,0,0,0,1,0,0,0,0,13,0,0,0,0,62,11,12,0,44,29,12,40,32,13,11,24,20,13,20,11,1,1,11,0,0,10,0,25,0,52,11,0,18,14,21,33,0,36,0,21,9,16,29,37,11,0,1,12,12,2,2,0,0,0,2,11,10,12,0,20,2,29,4,0,0,0,0,0,0,0,0,0,0,0,0,0,0,0,0,32,53,29,0,0,0,0,0,20,0,0,0,0,0,0,0,0,0,0
