inchi,maccs_25,maccs_43,maccs_53,maccs_54,maccs_65,maccs_74,maccs_75,maccs_77,maccs_78,maccs_79,maccs_80,maccs_82,maccs_83,maccs_84,maccs_85,maccs_86,maccs_88,maccs_89,maccs_90,maccs_91,maccs_92,maccs_93,maccs_95,maccs_96,maccs_97,maccs_100,maccs_104,maccs_105,maccs_106,maccs_108,maccs_109,maccs_110,maccs_111,maccs_113,maccs_114,maccs_115,maccs_116,maccs_117,maccs_118,maccs_119,maccs_120,maccs_121,maccs_122,maccs_123,maccs_127,maccs_128,maccs_129,maccs_131,maccs_132,maccs_136,maccs_137,maccs_138,maccs_139,maccs_140,maccs_141,maccs_142,maccs_143,maccs_145,maccs_146,maccs_147,maccs_148,maccs_149,maccs_150,maccs_151,maccs_152,maccs_153,maccs_154,maccs_155,maccs_156,maccs_157,maccs_158,maccs_159,maccs_160,maccs_161,maccs_162,maccs_163,maccs_164,maccs_165,-2130472164,-2130461593,-2014938020,-2004779289,-1873263708,-1873263707,-1848232061,-1848232050,-1740642266,-1740631695,-1550059087,-1550059076,-1488532264,-1488532253,-1488532252,-1488531756,-1432935145,-1432924574,-1422776414,-1240549133,-1091992671,-1091992660,-1091982100,-675626162,-675626151,-255394674,-255384103,67,78,79,65849,76420,77381,77877,63282351,63292922,73441082,74364603,74841259,74841270,74841271,483077917,493236648,571657745,674814738,674814749,684798629,694957360,746870567,746881138,779886418,961487643,971646374,1200117906,1315652050,1325810781,1445324489,1445324490,1445324491,1445324492,1445324493,1445324494,1445324495,1445324496,1445324497,1554017641,1633829133,1643987864,1744263644,1847420637,1847420648,1855386247,1857404528,1857404539,2134093542,-2027315171,-2014938009,-2014937617,-2014927449,-2014550334,-1983007249,-1979485781,-1873263706,-1873263705,-1873263704,-1873263703,-1848232049,-1848231553,-1848221490,-1847844375,-1838073330,-1779602815,-1779215532,-1779215129,-1740642255,-1740641863,-1730483535,-1549671401,-1432935134,-1269309128,-842332121,-801319945,-619386996,-618999310,-429140982,-428753699,-428753296,-255394663,-255394662,-255394271,-255394166,-87621824,66252,76916,38008333,63669634,63670037,73441093,73917749,74365006,284557139,284944422,308419095,381411742,381422302,384678049,391570462,483077928,483078320,483088488,674825309,675202424,684973469,746870578,1047381387,1056977592,1057364875,1057365278,1119437216,1285366437,1295514597,1554017630,1633829144,1633829145,1633829536,1633829641,1633839704,1857415099,2037342038,2037342441,2143185518,-2064996522,-2064996119,-2018322645,-2014922644,-1848216685,-1847844364,-1769056398,-1240549132,-792189726,-782041566,-782041058,-606609633,-606609230,-201785469,-201774909,-186765428,-186378145,-186377742,83,76823,81225,63297727,63680608,73828768,78058687,284944825,674830114,699574965,743852200,743852603,907051586,907051597,920840418,979912395,979912406,1047391958,1067524009,1163696405,1164083688,1164084091,1279230549,1279618235,1352479044,1457550321,1457550724,1620749707,1717157409,1877394526,1877782212,1885207084,1885207581,1885217644,1992928670,1993316356,1999955637,2106987307,2106987318,381411743,-1432935133,746870579,-2065383805,-2064996108,-2064985548,-2014539763,-1942066640,-1931918480,-1847833804,-1843130848,-1842743565,-1722217514,-1722217503,-1350038551,-1129432727,-606996916,-606598659,-558944391,-558944380,-274646278,-274635718,-255394260,-186367171,-176219414,-176219011,73828365,73828779,439062403,675212995,791517442,1067523606,1174242419,1633829547,-2117839097,-2113420786,-2099248467,-1993148702,-1978583541,-1951192287,-1930114126,-1896120561,-1857532449,-1771811752,-1639186262,-1582249340,-1536459552,-1472143348,-1367077812,-1222269705,-1219630758,-1198579342,-1013020258,-1012954482,-1006701866,-926137767,-886022912,-878598355,-868007456,-801752141,-771486890,-669040371,-626473936,-513573682,-509642793,-507103631,-436608523,-408269204,-403312500,-401220928,-365441993,-360288389,-289109509,-281691030,-246975031,-146999425,-9047353,134489603,140710659,362314941,401570022,444287804,565777468,598300554,604760370,708470183,790592664,944233599,950336712,962328941,1070776755,1187172105,1259653276,1264008564,1270819809,1291862412,1477987342,1498326252,1587446822,1602787468,1612184468,1627608083,1653230686,1680197806,1704966178,1710677920,1765138320,1892960349,1980623047,1981361624,-2133482113,-2106279496,-2096444159,-1986763061,-1986115306,-1845902718,-1685505461,-1565359743,-1487217298,-1483560215,-1478965380,-1469934531,-1334335963,-1160580727,-1072480744,-1059145289,-1035138674,-1028866103,-964879417,-935821096,-779040267,-686490886,-617243047,-614966677,-554489181,-553083174,-445062444,-414937772,-285002827,-221617712,-174551952,-145809275,-131080542,145148881,228771567,229166175,251809297,258833948,275330665,369386629,423552486,553514145,598483088,626767077,630877016,722031324,906387740,919832115,1024300589,1133030046,1136072639,1163511423,1284619186,1323701668,1330536927,1374579209,1384390004,1413433893,1455118100,1468047908,1480565088,1505272116,1522628688,1571117995,1580202494,1583419672,1657663283,1746070443,1765549817,1805809628,1904696679,1931971844,1972652850,2145614241,2147204365,-1939372245,-1923447330,-1718156420,-1636305649,-1546849916,-1541428646,-1484987010,-1096165177,-942502439,-844838506,-806714497,-776325995,-218788534,197304973,353165809,386441587,800617161,851250972,983803665,1027556089,1143763446,1212948177,1628396750,1660745749,1703528201,1904391880,2029095999,2130908821,-1798268938,-1198872240,-61517462,85582011,215647122,1349902378,1611167600,1738221535,1905756265,-1432287136,-410815804,959471696,-1814480656,-1627678865,-1303528692,-1228567258,-798682561,-692810209,-105740521,496710269,772786829,957663557,1210796079,1801996986,-1844064173,-1133322732,-1027418143,-458562947,-69248232,13326480,420023360,670594567,1005542573,1275263229,1301034813,-346572070,-187407885,109772602,758560330,778928524,1794691145,1885681029,1908122694,-1597387950,-232081918,401813348,774364001,1701515054,1928350086,563321978,1384512565,1912165529,1977990650,-1556008205,-61538845,347064059,476950395,746630409,-605026050,1859665071,137843136,1792995761,2130904312,-2108750784,-1846047463,-1839792723,-1273703940,-1067767267,-999136859,-656921786,-636984940,-307429614,308846696,345408835,396009507,545039459,824245327,-897066309,-138351347,364978951,357075338,-395763754,3278749,66341216,1558346856,-160203532,877412762,-1824964367,-1137925917,-1997955083,-1997944512,-1969325932,-1969315361,-1968998231,-1968998220,-1968998219,-1807065362,-1807065351,-1806737661,-1806737650,-919561681,-919561670,-919233980,-919233969,-909402950,-909402609,67,78,79,2144,2485,2516,66531,66872,77102,78063,78074,78075,2062528,2073099,2390229,2390240,2420020,2420031,2420361,63938435,63949006,64266136,74097166,74097507,75020687,75021028,75031258,1315623736,1325454766,1630216696,1630227267,1982091552,1982419253,1992250283,1992250624,-1997955072,-1997954742,-1997627382,-1969325921,-1969325920,-1969325591,-1807065021,-1807054791,-1796906631,-919561669,-919561340,-919551110,-909402939,-909402938,77113,2390570,74097177,74107737,75020698,1315296035,-1997954587,-1854809317,-1854809316,-1854808987,-1807064866,-1664513912,-1664503682,-1664503670,-919561185,83,2640,67027,81907,2077904,2539184,64415091,78714771,78714782,1773362792,1996867888,75020699,-1796906620,64266477,1630217037,1630544397,1992260854
"InChI=1S/C66H75Cl2N9O24/c1-23(2)12-34(71-5)58(88)76-49-51(83)26-7-10-38(32(67)14-26)97-40-16-28-17-41(55(40)101-65-56(54(86)53(85)42(22-78)99-65)100-44-21-66(4,70)57(87)24(3)96-44)98-39-11-8-27(15-33(39)68)52(84)50-63(93)75-48(64(94)95)31-18-29(79)19-37(81)45(31)30-13-25(6-9-36(30)80)46(60(90)77-50)74-61(91)47(28)73-59(89)35(20-43(69)82)72-62(49)92/h6-11,13-19,23-24,34-35,42,44,46-54,56-57,65,71,78-81,83-87H,12,20-22,70H2,1-5H3,(H2,69,82)(H,72,92)(H,73,89)(H,74,91)(H,75,93)(H,76,88)(H,77,90)(H,94,95)/t24-,34+,35-,42+,44-,46+,47+,48?,49+,50-,51+,52+,53+,54-,56+,57+,65-,66-/m0/s1",0,0,5,11,0,1,0,0,0,6,1,1,0,2,0,0,0,9,4,1,7,1,11,0,6,0,4,14,0,2,1,7,4,16,0,3,1,7,0,0,9,5,0,3,34,0,0,19,4,8,9,1,10,24,5,9,34,7,24,0,0,5,10,9,16,1,8,3,17,22,16,24,5,9,30,7,24,62,6,6,2,17,1,1,0,0,8,12,18,4,3,5,3,6,5,7,12,1,8,7,6,6,6,0,5,66,9,24,32,16,22,8,24,7,24,22,8,7,1,8,3,2,0,0,14,20,14,3,3,7,12,8,2,17,1,1,1,1,1,1,1,1,1,3,2,6,15,8,5,1,13,6,10,0,1,4,1,8,8,0,1,1,1,1,0,0,1,4,1,10,14,30,1,8,0,16,1,8,0,4,8,16,10,14,30,1,0,4,1,4,30,0,0,14,30,0,0,16,10,14,0,0,0,0,4,0,0,2,1,4,1,5,8,10,14,30,16,4,12,3,2,0,4,1,1,0,10,16,4,0,0,0,0,0,0,0,1,0,0,0,0,0,0,0,0,0,0,0,0,0,0,0,0,0,0,0,0,0,0,0,0,0,0,0,0,0,0,0,0,0,0,0,0,0,0,0,0,0,0,0,0,0,0,0,0,0,3,2,5,0,0,0,0,0,0,0,0,0,0,0,0,0,0,0,0,0,0,0,0,0,0,0,0,0,0,0,0,0,0,0,0,1,0,0,0,2,0,0,0,16,0,0,0,0,0,0,0,0,0,0,3,0,0,0,2,5,0,0,1,2,0,10,0,0,0,0,0,0,8,0,0,0,0,2,0,0,0,0,0,0,0,0,3,0,0,0,0,0,0,0,0,0,1,0,1,0,1,3,0,0,0,0,0,1,0,0,0,0,0,0,0,0,0,0,0,0,0,0,0,0,0,1,0,0,13,0,0,0,0,0,1,0,0,1,0,0,0,0,0,0,0,0,0,0,0,22,0,0,0,0,0,0,0,0,0,0,0,3,0,0,0,0,0,6,0,0,0,0,0,0,0,0,0,0,0,0,0,0,0,0,0,0,0,0,0,0,0,0,0,0,0,0,0,0,1,0,0,0,0,0,0,0,0,0,0,0,0,0,5,0,0,0,0,0,0,0,0,0,0,0,0,0,0,0,0,0,0,0,0,0,1,0,0,0,0,0,0,0,0,0,0,0,0,0,0,0,0,0,0,0,0,0,0,0,0,0,0,0,0,0,0,0,0,0,0,0,0,0,0,0,0,0,0,0,0,0,0,0,0,0,0,0,0,0,0,0,0,0,0,0,0,0,0,0,5,0,0,0,23,17,63,9,9,5,9,23,0,14,5,64,7,9,9,11,5,66,9,24,62,16,30,68,7,24,46,7,3,73,20,19,6,48,11,6,77,12,16,23,12,55,10,12,9,27,23,17,79,21,21,6,1,1,0,6,8,3,1,1,0,15,5,5,1,1,0,0,1,0,6,54,0,0,0,0,0,0,0,0,0,0,0,0,0,0,0,0,0,0,0,0,9,0,0,0,0,0
"InChI=1S/C46H65N15O12S2/c47-27-22-74-75-23-33(45(73)61-17-5-9-34(61)44(72)56-28(8-4-16-53-46(51)52)39(67)54-21-37(50)65)60-43(71)32(20-36(49)64)59-40(68)29(14-15-35(48)63)55-41(69)31(18-24-6-2-1-3-7-24)58-42(70)30(57-38(27)66)19-25-10-12-26(62)13-11-25/h1-3,6-7,10-13,27-34,62H,4-5,8-9,14-23,47H2,(H2,48,63)(H2,49,64)(H2,50,65)(H,54,67)(H,55,69)(H,56,72)(H,57,66)(H,58,70)(H,59,68)(H,60,71)(H4,51,52,53)/t27-,28-,29-,30?,31-,32?,33-,34-/m0/s1",1,1,1,7,0,0,2,3,1,9,1,1,1,6,1,0,2,0,12,9,11,0,9,1,1,3,10,0,1,0,0,11,13,2,0,0,0,11,5,1,8,6,1,0,12,2,1,14,3,11,8,5,1,12,0,15,12,2,12,5,1,0,6,13,1,5,11,9,20,1,24,12,0,15,12,2,12,37,10,9,6,25,1,1,0,4,13,18,0,0,7,8,0,8,8,9,16,1,10,9,9,9,8,4,8,46,15,12,26,24,1,11,17,10,30,0,11,11,0,0,0,0,0,3,9,28,0,0,7,3,18,15,4,25,1,1,1,1,1,1,1,1,1,0,4,9,24,16,8,1,18,9,18,0,3,4,1,4,4,0,1,1,0,0,0,1,2,4,1,4,4,12,1,4,0,2,1,4,0,4,2,2,4,4,12,1,0,4,1,4,12,1,0,4,12,1,2,2,4,4,0,0,0,0,0,0,0,0,3,4,1,0,4,4,4,12,2,4,4,0,3,0,4,1,1,0,2,2,4,0,0,0,0,0,0,0,0,0,5,0,0,0,0,0,0,0,0,2,0,2,0,0,0,2,0,0,0,0,0,0,0,0,0,0,0,0,0,0,0,0,0,0,0,0,0,0,0,0,0,0,3,0,0,2,0,2,0,0,0,0,0,0,0,0,0,0,0,0,0,0,0,0,0,0,0,0,0,0,0,0,0,0,0,0,0,0,0,0,0,0,0,0,0,1,1,0,0,0,0,7,0,0,0,0,0,0,1,1,1,0,6,0,1,0,6,0,0,1,0,1,0,1,0,0,0,0,0,0,11,0,0,0,0,2,1,0,1,0,0,0,0,0,9,1,0,0,0,1,0,0,0,1,5,1,0,0,1,7,0,1,0,0,0,0,0,0,0,0,0,0,0,0,2,0,0,0,0,1,0,0,0,3,0,1,9,0,0,0,0,1,1,0,0,5,0,0,0,0,0,0,0,2,1,0,0,8,3,0,1,0,0,1,0,0,0,0,0,1,2,1,0,0,0,6,0,0,0,0,0,1,0,2,0,0,0,0,0,0,0,0,2,0,0,0,0,0,0,0,0,0,0,0,0,0,0,0,0,0,0,0,0,0,0,0,0,0,0,0,5,0,0,0,0,0,0,0,0,0,0,0,0,0,0,0,0,0,0,0,0,0,0,0,0,0,0,0,0,0,0,0,0,0,0,0,0,0,0,0,0,0,0,0,0,0,0,0,0,0,0,0,0,0,0,0,0,0,0,0,0,0,0,0,0,0,0,0,0,0,0,0,0,0,0,0,0,0,0,0,0,0,0,0,0,0,5,0,0,0,14,25,12,9,7,8,8,8,3,16,8,8,4,9,8,8,8,46,15,12,38,25,12,33,11,30,13,11,0,29,29,18,9,12,9,9,27,18,19,17,18,10,9,16,7,19,13,25,24,24,15,9,3,1,2,3,1,1,4,1,2,1,2,1,1,1,3,2,1,2,1,12,0,0,0,3,0,0,5,0,0,2,2,0,2,0,2,0,0,2,0,0,0,0,0,0,0,0
"InChI=1S/C39H54N10O14S/c1-4-16(2)31-36(60)42-11-29(55)43-25-15-64(63)38-21(20-6-5-18(51)7-22(20)46-38)9-23(33(57)41-12-30(56)47-31)44-37(61)32(17(3)27(53)14-50)48-35(59)26-8-19(52)13-49(26)39(62)24(10-28(40)54)45-34(25)58/h5-7,16-17,19,23-27,31-32,46,50-53H,4,8-15H2,1-3H3,(H2,40,54)(H,41,57)(H,42,60)(H,43,55)(H,44,61)(H,45,58)(H,47,56)(H,48,59)/t16?,17-,19+,23-,24-,25-,26-,27-,31-,32-,64?/m0/s1",0,0,3,7,2,0,0,0,0,8,1,3,2,1,1,0,1,0,6,7,9,0,10,2,5,3,9,8,0,0,1,9,7,2,1,1,1,9,0,0,10,9,1,0,22,4,0,13,7,10,10,5,4,14,3,10,22,1,14,0,2,3,3,9,3,5,9,3,17,4,18,14,3,10,9,1,14,39,12,10,4,24,1,1,0,1,12,18,4,1,8,8,1,8,8,9,15,1,7,8,9,7,8,4,9,39,10,14,24,18,4,9,18,10,24,5,9,9,0,1,3,0,0,1,12,27,4,2,6,3,17,16,4,27,1,1,1,1,1,1,1,1,1,2,3,9,20,15,8,0,15,8,17,0,1,2,1,2,2,0,1,1,1,0,1,0,2,2,1,2,2,10,1,2,0,2,1,2,0,2,0,4,2,2,10,1,2,2,1,2,8,0,0,2,9,0,0,2,2,2,0,1,3,0,2,3,0,3,2,2,1,2,2,2,2,10,2,2,2,1,2,2,2,1,1,0,0,4,2,1,4,1,1,0,1,2,1,0,2,0,1,4,1,1,1,1,5,1,2,2,1,1,3,1,4,0,1,2,3,1,1,1,1,1,1,3,1,1,3,1,4,4,2,1,1,0,2,3,0,0,1,1,3,1,0,1,0,0,0,0,0,0,0,0,0,0,0,0,0,0,0,0,0,0,0,0,0,0,0,0,0,0,0,0,0,0,0,0,0,0,0,0,0,0,1,2,0,0,0,7,0,0,0,0,0,0,0,0,0,0,1,0,0,0,1,3,0,0,0,3,0,4,0,0,0,0,0,0,10,0,0,0,0,0,0,0,0,0,0,0,0,0,3,0,0,0,0,0,0,0,0,0,6,0,0,0,0,1,0,0,0,0,0,0,0,0,0,0,0,0,0,0,0,0,0,0,0,0,0,0,0,1,0,0,3,0,0,0,0,0,1,0,0,1,0,0,0,0,0,0,0,0,0,0,0,13,0,0,0,0,0,0,0,0,0,0,0,1,1,0,0,0,0,2,0,0,0,0,0,0,0,0,0,0,0,0,0,0,0,0,0,0,0,0,0,0,0,0,0,0,0,0,0,0,1,0,0,0,1,0,0,0,0,0,0,0,0,0,8,0,0,0,0,0,0,0,0,0,0,0,0,0,0,0,0,1,0,0,0,0,1,0,0,0,0,1,0,0,0,0,0,0,1,0,0,0,0,0,0,0,1,0,0,0,0,0,0,0,0,0,0,0,0,0,0,0,0,0,0,0,0,0,0,0,0,0,0,0,0,0,0,0,0,0,0,0,0,0,0,0,0,0,0,0,8,0,0,0,14,24,10,12,8,8,9,9,3,15,8,8,4,8,10,6,9,39,10,14,32,20,13,29,11,27,16,9,0,26,30,20,8,13,9,9,19,19,22,21,18,14,11,15,9,23,13,27,16,25,19,10,2,1,0,5,3,5,4,1,0,1,5,4,1,3,0,0,1,0,4,10,1,2,0,1,2,1,2,0,0,1,2,1,2,2,3,3,3,1,1,3,0,0,0,0,0,0
"InChI=1S/C66H103N17O16S/c1-9-35(6)52(69)66-81-48(32-100-66)63(97)76-43(26-34(4)5)59(93)74-42(22-23-50(85)86)58(92)83-53(36(7)10-2)64(98)75-40-20-15-16-25-71-55(89)46(29-49(68)84)78-62(96)47(30-51(87)88)79-61(95)45(28-39-31-70-33-72-39)77-60(94)44(27-38-18-13-12-14-19-38)80-65(99)54(37(8)11-3)82-57(91)41(21-17-24-67)73-56(40)90/h12-14,18-19,31,33-37,40-48,52-54H,9-11,15-17,20-30,32,67,69H2,1-8H3,(H2,68,84)(H,70,72)(H,71,89)(H,73,90)(H,74,93)(H,75,98)(H,76,97)(H,77,94)(H,78,96)(H,79,95)(H,80,99)(H,82,91)(H,83,92)(H,85,86)(H,87,88)/t35-,36-,37-,40-,41+,42+,43-,44+,45-,46-,47+,48-,52-,53-,54-/m0/s1",0,0,3,10,4,1,0,1,1,13,2,2,2,3,0,0,1,0,18,10,12,0,11,2,3,2,14,0,0,0,0,12,13,0,3,5,0,12,6,1,11,10,0,2,14,1,1,17,5,14,11,3,2,16,8,17,14,1,16,6,0,8,7,15,0,3,14,13,26,2,26,16,8,17,11,1,16,41,20,10,10,31,1,1,1,2,23,21,2,0,13,10,0,10,15,10,21,1,14,11,11,10,10,8,10,66,17,16,47,26,2,14,39,11,38,2,14,12,2,1,0,1,2,2,26,32,2,0,13,9,21,31,9,29,1,1,1,1,1,1,1,1,1,0,8,10,34,23,10,1,28,11,24,0,2,3,1,2,3,0,1,1,0,0,1,1,3,2,2,2,2,6,1,3,0,0,2,2,0,2,0,0,2,2,6,1,1,3,2,2,7,1,0,3,6,0,0,0,2,2,0,1,2,0,1,2,0,1,2,2,1,1,2,3,2,6,0,3,3,0,4,1,3,2,2,0,0,0,3,1,0,2,1,0,1,0,0,0,2,0,1,0,1,1,1,0,0,1,4,2,1,2,2,2,0,0,2,0,0,1,1,1,0,0,1,2,1,0,0,0,0,0,0,0,1,2,0,0,0,0,1,0,0,2,2,1,0,0,0,1,1,2,1,1,1,1,1,1,1,1,1,1,1,1,1,1,1,1,1,2,1,2,1,1,1,1,1,1,1,1,0,1,0,3,0,5,0,0,0,8,0,0,0,0,1,0,1,0,0,0,7,0,0,0,3,8,0,0,1,8,0,2,0,0,1,0,0,0,14,0,0,0,0,4,1,0,1,0,0,0,0,0,13,0,0,0,1,1,0,0,0,0,5,2,1,0,3,7,0,0,0,0,1,2,0,0,0,0,0,0,0,0,2,0,0,0,0,1,0,0,0,1,0,0,7,0,0,0,0,0,0,0,0,1,0,0,0,0,0,0,1,2,1,0,0,10,3,0,1,0,0,0,0,0,0,0,0,0,0,1,2,0,0,2,0,0,0,0,0,0,0,0,0,0,0,0,0,1,0,0,1,0,1,0,0,0,0,0,0,0,0,0,0,0,0,0,0,0,0,0,0,0,0,0,0,0,0,0,8,0,0,0,0,0,0,0,0,0,0,0,0,0,0,0,0,0,0,0,0,0,0,0,0,0,0,3,0,0,0,0,0,0,3,0,0,0,0,0,0,0,0,0,0,0,0,0,0,0,0,0,0,0,0,0,0,0,0,0,0,0,0,0,0,0,0,0,0,0,0,2,1,0,0,0,0,0,0,0,0,0,0,0,0,0,7,0,0,0,17,34,12,11,13,10,10,6,3,24,11,3,4,11,11,11,10,66,17,16,54,31,16,48,14,42,16,12,2,37,38,31,13,16,11,11,22,23,27,30,25,17,11,21,13,38,16,32,13,36,27,11,4,3,2,7,3,3,6,2,2,2,6,3,2,3,1,2,2,3,3,6,1,0,0,1,0,0,2,0,0,1,2,1,2,2,2,2,2,1,1,2,0,1,1,1,1,1
"InChI=1S/C72H101N17O26/c1-5-6-7-8-9-10-11-22-53(93)81-44(25-38-31-76-42-20-15-13-17-39(38)42)66(108)84-45(27-52(75)92)67(109)86-48(30-59(102)103)68(110)89-61-37(4)115-72(114)49(26-51(91)40-18-12-14-19-41(40)74)87-71(113)60(35(2)24-56(96)97)88-69(111)50(34-90)82-55(95)32-77-63(105)46(28-57(98)99)83-62(104)36(3)79-65(107)47(29-58(100)101)85-64(106)43(21-16-23-73)80-54(94)33-78-70(61)112/h12-15,17-20,31,35-37,43-50,60-61,76,90H,5-11,16,21-30,32-34,73-74H2,1-4H3,(H2,75,92)(H,77,105)(H,78,112)(H,79,107)(H,80,94)(H,81,93)(H,82,95)(H,83,104)(H,84,108)(H,85,106)(H,86,109)(H,87,113)(H,88,111)(H,89,110)(H,96,97)(H,98,99)(H,100,101)(H,102,103)/t35-,36-,37-,43-,44+,45-,46+,47+,48+,49+,50-,60+,61+/m1/s1",0,0,5,13,2,0,0,0,0,12,1,4,1,3,0,0,0,2,12,8,14,0,16,1,11,3,17,2,0,1,1,14,13,0,1,2,1,14,9,0,11,10,0,5,20,8,5,22,13,20,11,4,5,26,4,17,20,2,26,9,0,4,10,17,2,4,20,19,27,7,29,26,4,17,15,2,26,46,13,12,4,34,1,1,1,2,15,24,7,3,10,12,3,13,18,13,24,1,18,13,13,11,12,3,12,72,17,26,46,29,7,20,33,13,39,8,21,14,5,2,3,5,1,1,21,37,6,3,9,9,24,21,3,34,1,1,1,1,1,1,1,1,1,3,5,13,30,19,11,1,23,12,21,0,2,4,1,2,2,0,1,1,0,0,1,1,5,2,5,4,4,16,1,2,0,0,5,2,0,4,0,0,4,4,16,1,3,2,5,4,14,0,0,4,15,0,0,0,4,4,0,1,4,0,6,4,0,5,2,4,1,5,2,4,4,16,0,4,2,2,6,4,2,5,5,0,0,0,4,1,4,0,0,0,1,2,1,0,0,0,1,4,1,1,1,1,5,0,2,0,0,1,3,0,4,0,0,2,3,1,1,0,1,1,1,3,1,1,3,1,4,4,2,1,1,0,2,3,0,0,0,1,3,0,0,0,0,2,0,0,0,0,0,0,0,0,0,0,0,0,0,0,0,0,0,0,0,0,0,0,0,0,0,0,0,0,0,0,0,0,0,0,0,3,0,1,0,0,0,9,0,0,0,0,1,0,0,0,0,0,10,0,0,0,3,4,0,0,0,4,0,5,0,0,0,0,0,0,20,0,0,0,0,4,0,0,0,0,0,0,0,0,19,0,0,1,1,7,0,0,0,0,2,0,0,0,3,10,0,0,0,0,1,4,0,0,0,0,0,0,0,0,0,0,0,0,0,0,0,0,0,1,0,0,9,0,0,0,0,0,0,0,0,1,0,0,0,2,0,0,0,4,1,0,0,15,4,0,0,0,0,0,0,0,0,0,0,0,0,0,4,0,0,4,0,0,1,0,0,0,3,0,0,0,0,1,0,0,0,0,0,1,1,1,1,1,1,1,0,0,1,1,0,0,1,0,1,1,1,1,1,1,0,1,0,1,0,1,10,0,0,0,0,0,0,0,0,0,0,0,0,0,0,0,0,0,0,0,0,0,1,0,0,0,0,1,0,0,0,0,0,0,0,0,0,0,0,0,0,0,0,0,0,0,0,0,0,0,0,0,0,0,0,0,0,0,0,0,0,0,0,0,0,0,0,0,0,0,0,0,0,0,0,0,0,0,0,0,0,0,0,0,0,0,10,0,0,0,19,34,11,16,10,12,16,15,4,19,11,9,4,13,15,5,12,72,17,26,60,31,27,52,14,44,29,14,5,45,40,31,12,27,16,13,37,26,26,27,24,26,16,24,12,28,14,34,35,35,20,12,3,1,0,10,9,10,4,1,0,2,9,11,1,8,0,0,1,0,11,22,0,0,0,0,0,0,0,0,0,0,0,0,0,0,0,0,0,0,0,0,2,0,0,0,0,0
"InChI=1S/C27H41NO6S/c1-15-9-8-10-27(7)22(34-27)12-20(16(2)11-19-14-35-18(4)28-19)33-23(30)13-21(29)26(5,6)25(32)17(3)24(15)31/h11,14-15,17,20-22,24,29,31H,8-10,12-13H2,1-7H3/b16-11+/t15-,17+,20-,21-,22-,24?,27+/m0/s1",0,0,0,0,2,1,0,0,0,0,0,0,1,0,0,0,1,5,1,1,0,0,0,1,0,0,1,2,0,4,0,0,0,0,0,2,6,0,2,0,4,1,0,1,8,3,1,2,6,2,4,0,2,6,7,1,8,0,6,2,0,7,7,0,8,0,2,0,2,6,0,6,7,1,5,0,6,22,0,0,0,0,1,1,2,0,0,0,16,0,0,0,0,0,3,0,0,1,6,0,0,0,0,0,0,27,1,6,23,0,6,2,26,0,0,12,3,0,1,15,0,20,0,0,24,0,9,0,0,26,0,0,0,0,1,1,1,1,1,0,0,0,0,0,6,0,0,0,0,0,0,0,0,0,0,0,0,0,0,0,1,0,0,0,1,1,0,0,0,0,0,0,0,0,0,0,0,0,0,0,0,0,0,0,0,0,0,0,0,0,1,0,0,1,0,0,0,0,0,0,0,0,0,0,0,0,0,0,0,0,0,0,0,0,0,0,0,0,0,0,0,0,0,0,0,0,0,0,0,0,0,0,0,0,0,0,1,0,0,0,0,0,0,0,0,0,0,1,2,0,0,1,1,0,0,0,0,0,0,0,0,0,0,0,0,1,0,0,0,0,0,0,0,0,0,0,0,0,0,0,0,0,0,0,0,0,1,3,2,0,0,0,0,0,0,0,0,0,0,0,0,0,0,0,0,0,0,0,0,0,0,0,2,0,0,0,0,2,0,0,0,0,0,0,0,0,0,0,0,6,0,0,0,0,0,0,0,0,0,0,0,0,0,0,0,7,0,0,0,0,0,2,0,0,0,0,0,0,2,0,0,0,0,0,1,0,0,0,0,0,0,0,0,0,0,0,0,0,0,0,0,0,5,1,0,0,0,1,0,0,0,0,0,0,0,0,0,0,0,0,0,0,0,0,0,0,0,0,0,0,0,0,0,0,1,0,0,0,0,0,0,0,0,0,0,0,0,0,0,0,0,0,0,0,0,4,0,0,0,0,0,0,0,0,0,0,0,0,0,0,0,0,0,0,0,0,0,0,0,0,0,0,0,0,0,0,0,0,0,0,0,0,0,0,0,0,0,0,0,0,0,0,0,0,0,0,0,0,0,0,0,0,0,0,0,0,0,0,0,0,0,0,0,0,0,0,0,0,0,0,0,0,0,0,0,0,0,0,0,0,0,0,0,0,0,0,0,0,0,0,0,0,0,0,0,0,0,0,0,0,0,0,0,0,0,0,0,0,0,0,0,0,0,0,0,0,0,0,0,0,0,0,0,0,0,0,0,0,0,1,0,0,0,0,0,0,0,0,0,0,0,0,0,0,2,0,0,0,1,0,23,0,0,0,0,1,0,0,0,13,0,0,0,0,0,27,1,6,25,2,8,30,1,3,15,0,1,28,3,1,0,23,0,0,30,2,1,2,0,13,0,0,0,2,1,0,23,1,2,0,0,0,0,1,1,0,0,0,0,3,1,0,0,0,0,0,0,0,0,26,0,0,0,0,0,0,0,0,0,1,2,1,2,2,1,1,1,0,0,1,5,0,0,0,0,0
"InChI=1S/C99H140N20O17/c1-51(2)37-73(109-86(123)59(17)107-81(122)49-105-96(133)82(55(9)10)106-50-121)89(126)108-60(18)87(124)117-84(57(13)14)98(135)119-85(58(15)16)99(136)118-83(56(11)12)97(134)116-80(44-64-48-104-72-34-26-22-30-68(64)72)95(132)112-76(40-54(7)8)92(129)115-79(43-63-47-103-71-33-25-21-29-67(63)71)94(131)111-75(39-53(5)6)91(128)114-78(42-62-46-102-70-32-24-20-28-66(62)70)93(130)110-74(38-52(3)4)90(127)113-77(88(125)100-35-36-120)41-61-45-101-69-31-23-19-27-65(61)69/h19-34,45-48,50-60,73-80,82-85,101-104,120H,35-44,49H2,1-18H3,(H,100,125)(H,105,133)(H,106,121)(H,107,122)(H,108,126)(H,109,123)(H,110,130)(H,111,131)(H,112,132)(H,113,127)(H,114,128)(H,115,129)(H,116,134)(H,117,124)(H,118,136)(H,119,135)/t59-,60-,73+,74+,75+,76+,77-,78-,79-,80-,82-,83+,84+,85-/m0/s1",0,0,0,16,8,8,0,0,0,15,0,3,4,0,0,0,0,0,12,6,15,0,16,4,0,2,10,8,0,1,1,16,10,0,0,8,0,16,1,0,4,4,0,0,0,1,0,21,2,16,4,3,1,17,18,20,0,4,17,1,0,18,0,20,0,3,16,11,33,1,32,17,18,20,36,4,17,36,24,15,8,42,1,1,0,0,24,30,0,1,16,15,1,15,16,15,30,1,14,15,16,13,14,8,15,99,20,17,54,32,1,16,46,16,45,1,15,16,0,0,1,0,0,0,24,45,0,1,14,8,28,37,8,42,1,1,1,1,1,1,1,1,1,1,8,14,40,27,14,1,30,15,30,0,0,8,0,8,8,0,1,1,1,1,0,0,0,8,0,8,8,40,0,8,0,0,0,8,0,8,0,0,8,8,40,0,0,8,0,8,32,0,0,8,36,0,0,0,8,8,0,0,0,0,0,0,0,0,0,8,0,0,8,8,8,40,0,8,8,1,0,0,8,0,0,0,0,0,8,4,16,0,0,0,4,8,1,0,0,0,4,16,4,4,4,4,20,0,8,0,0,4,12,0,16,0,0,8,12,4,4,0,4,4,4,12,4,4,12,4,16,16,8,4,4,0,8,12,0,0,0,4,12,0,0,0,0,0,0,0,0,0,0,0,0,0,0,0,0,0,0,0,0,0,0,0,0,0,0,0,0,0,0,0,0,0,0,0,0,0,0,4,0,13,0,18,0,1,0,0,0,0,0,0,0,0,0,0,0,0,15,1,1,0,0,18,0,2,4,22,0,1,0,0,0,0,0,0,16,0,0,0,0,16,0,0,0,0,0,0,0,0,11,1,1,1,0,0,0,0,0,0,0,0,4,0,14,15,0,0,0,0,0,0,0,0,0,0,0,0,0,0,0,0,0,0,0,0,0,0,0,0,0,0,20,0,0,0,0,0,0,0,0,0,0,0,0,0,0,0,0,8,0,0,0,12,8,0,0,0,0,0,0,0,0,0,0,0,0,0,0,0,0,8,0,0,0,0,0,0,0,0,0,0,0,4,1,0,0,0,0,4,4,4,4,4,4,4,0,0,4,4,0,0,4,0,4,4,4,4,4,4,0,4,0,4,0,4,4,0,0,0,0,0,0,0,0,0,0,0,0,4,0,0,0,0,0,0,0,0,1,0,0,0,0,0,0,0,0,0,0,0,0,0,0,0,0,0,0,0,0,0,0,0,0,0,0,0,0,0,0,0,0,0,0,0,0,0,0,0,0,0,0,0,0,0,0,0,0,0,0,0,0,0,0,0,0,0,0,0,0,0,0,0,0,0,0,0,48,42,16,15,16,15,16,36,8,27,14,8,4,14,15,16,15,99,20,17,86,40,17,90,20,57,16,16,0,80,57,50,15,14,16,16,72,36,50,60,30,16,16,30,26,65,44,42,64,60,52,15,4,0,0,0,0,0,8,0,0,0,0,0,0,0,0,0,0,0,0,40,0,0,0,0,0,0,0,0,0,0,0,0,0,0,0,0,0,0,0,0,0,0,0,0,0,0
"InChI=1S/C62H86N12O16/c1-27(2)42-59(84)73-23-17-19-36(73)57(82)69(13)25-38(75)71(15)48(29(5)6)61(86)88-33(11)44(55(80)65-42)67-53(78)35-22-21-31(9)51-46(35)64-47-40(41(63)50(77)32(10)52(47)90-51)54(79)68-45-34(12)89-62(87)49(30(7)8)72(16)39(76)26-70(14)58(83)37-20-18-24-74(37)60(85)43(28(3)4)66-56(45)81/h21-22,27-30,33-34,36-37,42-45,48-49H,17-20,23-26,63H2,1-16H3,(H,65,80)(H,66,81)(H,67,78)(H,68,79)/t33-,34-,36+,37+,42-,43-,44+,45+,48+,49+/m1/s1",0,0,1,2,2,4,8,0,0,8,4,0,2,1,6,2,0,3,0,2,10,4,17,2,5,4,0,8,0,2,0,10,6,2,0,2,2,10,4,0,12,9,6,2,22,2,0,5,2,13,12,4,0,16,16,12,22,3,16,4,6,16,17,5,5,4,13,0,21,4,27,16,16,12,14,3,16,52,19,22,4,26,1,1,0,2,14,26,5,4,14,8,4,10,13,16,20,1,10,11,16,9,8,4,14,62,12,16,40,28,6,13,30,22,31,7,14,10,2,0,4,0,0,2,16,48,5,6,9,2,24,24,6,40,1,1,1,1,1,1,1,1,1,2,2,12,30,21,6,1,22,8,33,0,0,0,0,0,0,0,1,1,1,1,0,0,0,0,0,0,4,6,0,0,0,2,0,0,0,0,0,2,0,4,6,0,0,0,0,0,6,1,0,4,6,0,0,2,0,4,0,0,1,0,4,1,0,2,0,0,0,2,0,0,4,6,2,0,0,1,0,1,0,0,0,0,0,2,0,0,0,0,0,0,0,0,1,0,0,0,0,0,0,0,0,0,0,0,0,0,0,0,0,0,0,0,0,0,0,0,0,0,0,0,0,0,0,0,0,0,0,0,0,0,0,0,0,0,0,0,0,0,0,0,0,0,0,2,0,0,0,0,0,0,0,0,0,0,0,0,0,0,0,0,0,0,0,0,0,0,0,0,0,0,0,0,0,0,0,0,0,0,0,0,6,8,0,0,0,10,0,0,0,0,0,0,0,2,0,0,2,0,0,0,1,16,0,0,0,4,0,0,0,0,0,0,0,0,13,0,0,0,0,2,2,0,0,0,0,0,0,0,0,0,0,0,0,0,0,0,0,0,8,2,0,0,0,2,0,2,0,0,0,0,0,0,0,0,0,0,0,0,0,0,0,0,0,0,0,0,0,0,0,0,2,0,0,0,0,0,0,0,0,0,0,0,0,0,0,0,0,0,0,0,0,20,0,0,0,0,0,0,0,0,0,0,0,0,0,0,0,0,0,2,0,0,0,0,0,0,0,0,0,0,0,0,0,0,0,0,0,0,0,0,0,0,0,0,0,0,0,0,0,0,0,0,0,0,0,0,0,0,0,0,0,0,0,0,2,0,0,0,0,0,0,0,0,0,0,0,0,0,0,0,0,0,0,0,0,0,0,0,0,0,0,0,0,0,0,0,0,0,0,0,0,0,0,0,0,0,0,0,0,0,0,0,0,0,0,0,0,0,0,0,0,0,0,0,0,0,0,0,0,0,0,0,0,0,0,1,0,0,0,0,0,0,0,0,0,0,0,0,0,0,11,0,0,0,14,26,12,20,14,8,14,17,3,24,6,17,2,22,10,4,14,62,12,16,48,29,19,46,23,36,24,10,2,34,52,33,8,25,17,16,22,28,42,25,26,29,24,20,21,42,14,40,24,48,28,22,0,6,0,7,3,4,0,12,0,1,5,8,0,0,0,0,4,0,5,8,0,0,0,0,0,0,0,0,0,0,0,0,0,0,0,0,0,0,0,0,3,0,0,2,0,0
"InChI=1S/C62H111N11O12/c1-25-27-28-40(15)52(75)51-56(79)65-43(26-2)58(81)67(18)33-48(74)68(19)44(29-34(3)4)55(78)66-49(38(11)12)61(84)69(20)45(30-35(5)6)54(77)63-41(16)53(76)64-42(17)57(80)70(21)46(31-36(7)8)59(82)71(22)47(32-37(9)10)60(83)72(23)50(39(13)14)62(85)73(51)24/h25,27,34-47,49-52,75H,26,28-33H2,1-24H3,(H,63,77)(H,64,76)(H,65,79)(H,66,78)/b27-25+/t40-,41+,42-,43+,44+,45+,46+,47+,49+,50+,51+,52-/m1/s1",0,0,1,1,0,6,14,0,0,11,0,0,0,0,7,1,0,1,3,1,11,7,12,0,1,1,1,0,0,3,0,11,6,0,1,10,6,11,0,0,11,11,7,0,22,2,0,5,1,11,11,1,1,12,24,11,22,0,12,0,7,24,23,4,1,1,11,6,21,1,29,12,24,11,0,0,12,33,37,29,11,32,1,0,1,0,20,36,3,1,10,11,1,11,10,18,21,1,10,11,18,10,11,10,18,62,11,12,43,29,1,11,38,25,32,2,11,11,0,0,1,1,1,0,22,52,1,2,9,11,21,29,16,53,1,1,1,1,1,1,1,1,1,1,10,11,29,20,11,1,20,11,33,0,0,0,0,0,0,0,0,0,0,0,0,0,0,0,0,0,0,0,0,0,0,0,0,0,0,0,0,0,0,0,0,0,0,0,0,0,0,0,0,0,0,0,0,0,0,0,0,0,0,0,2,0,0,1,0,0,0,1,0,0,0,0,0,0,0,1,0,0,0,0,0,0,0,0,0,0,0,0,0,0,0,0,0,0,0,0,0,0,0,0,0,0,0,0,0,0,0,0,0,0,0,0,0,0,0,0,0,0,0,0,0,0,0,0,0,0,0,0,0,0,0,0,0,0,0,0,0,0,0,0,0,0,0,1,0,0,0,0,0,0,0,0,0,0,0,0,0,0,0,0,0,0,0,0,0,0,0,0,0,0,0,0,0,0,0,0,0,0,0,0,7,13,0,0,0,10,0,0,0,0,0,0,0,0,0,0,0,0,0,0,0,24,0,0,4,8,0,1,0,0,0,0,0,0,11,0,0,0,0,0,0,0,0,0,0,0,0,0,6,0,0,0,0,0,0,0,0,0,1,0,0,0,0,0,0,0,0,0,0,0,0,0,0,0,0,0,0,0,0,0,0,0,0,0,0,0,0,0,0,0,0,0,0,0,0,0,0,0,0,0,0,0,0,0,0,0,0,0,0,0,0,11,0,0,0,0,0,0,0,0,0,0,0,0,0,0,0,0,0,0,0,0,0,0,0,0,0,0,0,0,0,0,0,0,0,0,0,0,0,0,0,0,0,0,0,0,0,0,0,0,0,0,0,0,0,0,0,0,0,0,0,0,0,0,4,0,0,0,0,0,0,0,0,0,0,0,0,0,0,0,0,0,0,0,0,0,0,0,0,0,0,1,0,0,0,0,0,0,0,0,0,0,0,0,0,0,1,0,0,0,0,0,0,0,0,0,0,0,0,0,0,0,0,0,0,0,0,0,0,0,0,0,0,0,0,0,0,0,0,0,0,0,0,0,0,0,0,0,0,0,11,0,0,0,11,32,11,12,10,11,12,2,0,20,11,2,0,11,12,10,18,62,11,12,44,29,12,40,25,32,13,11,0,24,52,20,11,13,12,18,14,21,33,20,36,11,20,21,9,29,16,53,4,29,37,29,0,0,0,0,0,1,0,0,0,0,0,2,0,0,0,0,0,0,1,2,0,0,0,0,0,0,0,0,0,0,0,0,0,0,0,0,0,0,0,0,1,0,0,0,0,0
